id,ddG_DeepDDG,url
1F,-2.027,
1R,0.924,
2F,-2.581,
2R,1.699,
3F,-1.361,
3R,0.029,
4F,-2.476,
4R,2.212,
5F,-0.979,
5R,-0.036,
6F,-3.573,
6R,2.09,
7F,-1.597,
7R,0.651,
8F,-1.584,
8R,1.236,
9F,-2.283,
9R,1.565,
10F,-0.304,
10R,-0.091,
11F,-1.288,
11R,0.728,
12F,-3.715,
12R,2.667,
13F,-1.254,
13R,0.725,
14F,0.645,
14R,-0.945,
15F,-1.182,
15R,0.611,
16F,-3.737,
16R,3.011,
17F,-0.591,
17R,0.688,
18F,-0.856,
18R,-0.714,
19F,-0.218,
19R,0.339,
20F,-0.747,
20R,0.409,
21F,-1.075,
21R,0.443,
22F,-0.697,
22R,0.399,
23F,-0.908,
23R,-0.196,
24F,-1.277,
24R,-0.198,
25F,0.059,
25R,-0.197,
26F,0.235,
26R,0.121,
27F,-0.552,
27R,0.531,
28F,-1.24,
28R,1.009,
29F,-0.799,
29R,0.227,
30F,-0.126,
30R,-0.032,
31F,-0.296,
31R,0.426,
32F,-1.77,
32R,1.427,
33F,-0.697,
33R,-0.101,
34F,0.28,
34R,-0.329,
35F,0.36,
35R,-1.895,
36F,-4.895,
36R,3.094,
37F,-1.365,
37R,-0.419,
38F,-0.34,
38R,-0.222,
39F,-0.57,
39R,0.173,
40F,-0.236,
40R,-0.021,
41F,-0.317,
41R,-0.374,
42F,-1.415,
42R,0.855,
43F,-1.359,
43R,-0.012,
44F,-1.44,
44R,0.65,
45F,-0.659,
45R,-0.437,
46F,-0.409,
46R,-0.035,
47F,0.124,
47R,-0.19,
48F,0.996,
48R,-1.405,
49F,-1.063,
49R,2.12,
50F,-0.437,
50R,0.367,
51F,-0.936,
51R,-0.51,
52F,-4.905,
52R,0.427,
53F,-2.04,
53R,1.678,
54F,-0.675,
54R,0.387,
55F,-1.447,
55R,0.103,
56F,-1.246,
56R,0.599,
57F,-1.827,
57R,1.456,
58F,-1.139,
58R,0.833,
59F,-0.821,
59R,0.558,
60F,-1.07,
60R,0.08,
61F,-2.84,
61R,2.564,
62F,-1.668,
62R,0.896,
63F,-2.124,
63R,1.67,
64F,-0.688,
64R,-0.23,
65F,-0.424,
65R,-0.013,http://protein.org.cn/jobstat.php?type=ddg&id=76517072
66F,-0.947,http://protein.org.cn/jobstat.php?type=ddg&id=14739511
66R,-0.401,http://protein.org.cn/jobstat.php?type=ddg&id=58036429
67F,-1.296,http://protein.org.cn/jobstat.php?type=ddg&id=71710699
67R,0.264,http://protein.org.cn/jobstat.php?type=ddg&id=22047765
68F,-0.911,http://protein.org.cn/jobstat.php?type=ddg&id=17445961
68R,0.439,http://protein.org.cn/jobstat.php?type=ddg&id=24848685
69F,-0.073,http://protein.org.cn/jobstat.php?type=ddg&id=20927804
69R,-0.098,http://protein.org.cn/jobstat.php?type=ddg&id=29583202
70F,0.227,http://protein.org.cn/jobstat.php?type=ddg&id=49325252
70R,-0.343,http://protein.org.cn/jobstat.php?type=ddg&id=60960249
71F,0.153,http://protein.org.cn/jobstat.php?type=ddg&id=94034482
71R,-0.32,http://protein.org.cn/jobstat.php?type=ddg&id=86448711
72F,0.058,http://protein.org.cn/jobstat.php?type=ddg&id=13561617
72R,-0.146,http://protein.org.cn/jobstat.php?type=ddg&id=93919469
73F,0.071,http://protein.org.cn/jobstat.php?type=ddg&id=69154857
73R,-0.183,http://protein.org.cn/jobstat.php?type=ddg&id=38260320
74F,-0.757,http://protein.org.cn/jobstat.php?type=ddg&id=57498197
74R,0.215,http://protein.org.cn/jobstat.php?type=ddg&id=74603256
75F,0.04,http://protein.org.cn/jobstat.php?type=ddg&id=93882492
75R,-0.169,http://protein.org.cn/jobstat.php?type=ddg&id=27242112
76F,-0.048,http://protein.org.cn/jobstat.php?type=ddg&id=30763591
76R,-0.12,http://protein.org.cn/jobstat.php?type=ddg&id=85985950
77F,-0.012,http://protein.org.cn/jobstat.php?type=ddg&id=50964502
77R,-0.49,http://protein.org.cn/jobstat.php?type=ddg&id=12186015
78F,-0.507,http://protein.org.cn/jobstat.php?type=ddg&id=84182325
78R,-0.137,http://protein.org.cn/jobstat.php?type=ddg&id=51540884
79F,-0.253,http://protein.org.cn/jobstat.php?type=ddg&id=68674500
79R,-0.158,http://protein.org.cn/jobstat.php?type=ddg&id=26760802
80F,-0.176,http://protein.org.cn/jobstat.php?type=ddg&id=24067863
80R,-0.06,http://protein.org.cn/jobstat.php?type=ddg&id=98213308
81F,-2.124,http://protein.org.cn/jobstat.php?type=ddg&id=38408584
81R,1.92,http://protein.org.cn/jobstat.php?type=ddg&id=73187985
82F,-1.077,http://protein.org.cn/jobstat.php?type=ddg&id=68596066
82R,0.549,http://protein.org.cn/jobstat.php?type=ddg&id=67763321
83F,-0.076,http://protein.org.cn/jobstat.php?type=ddg&id=39829841
83R,0.003,http://protein.org.cn/jobstat.php?type=ddg&id=94299732
84F,-1.355,http://protein.org.cn/jobstat.php?type=ddg&id=20662319
84R,0.649,http://protein.org.cn/jobstat.php?type=ddg&id=81468361
85F,-0.25,http://protein.org.cn/jobstat.php?type=ddg&id=97454750
85R,0.114,http://protein.org.cn/jobstat.php?type=ddg&id=85069118
86F,-3.059,http://protein.org.cn/jobstat.php?type=ddg&id=56359396
86R,2.644,http://protein.org.cn/jobstat.php?type=ddg&id=85977227
87F,-2.945,http://protein.org.cn/jobstat.php?type=ddg&id=96213756
87R,2.093,http://protein.org.cn/jobstat.php?type=ddg&id=19857566
88F,-1.266,http://protein.org.cn/jobstat.php?type=ddg&id=70449876
88R,0.653,http://protein.org.cn/jobstat.php?type=ddg&id=93977955
89F,-1.267,http://protein.org.cn/jobstat.php?type=ddg&id=99679646
89R,-0.079,http://protein.org.cn/jobstat.php?type=ddg&id=80716389
90F,-1.587,http://protein.org.cn/jobstat.php?type=ddg&id=40925343
90R,0.652,http://protein.org.cn/jobstat.php?type=ddg&id=16832047
91F,-1.378,http://protein.org.cn/jobstat.php?type=ddg&id=70938676
91R,-0.05,http://protein.org.cn/jobstat.php?type=ddg&id=90715735
92F,-0.57,http://protein.org.cn/jobstat.php?type=ddg&id=97803543
92R,0.236,http://protein.org.cn/jobstat.php?type=ddg&id=52847100
93F,-1.338,http://protein.org.cn/jobstat.php?type=ddg&id=83453211
93R,0.131,http://protein.org.cn/jobstat.php?type=ddg&id=10405914
94F,-0.819,http://protein.org.cn/jobstat.php?type=ddg&id=14722085
94R,0.664,http://protein.org.cn/jobstat.php?type=ddg&id=39783231
95F,-2.596,http://protein.org.cn/jobstat.php?type=ddg&id=87395928
95R,2.033,http://protein.org.cn/jobstat.php?type=ddg&id=89758281
96F,-0.74,http://protein.org.cn/jobstat.php?type=ddg&id=78409389
96R,-0.838,http://protein.org.cn/jobstat.php?type=ddg&id=47498091
97F,-0.125,http://protein.org.cn/jobstat.php?type=ddg&id=91680903
97R,0.018,http://protein.org.cn/jobstat.php?type=ddg&id=58328781
98F,-0.886,http://protein.org.cn/jobstat.php?type=ddg&id=86268140
98R,0.504,http://protein.org.cn/jobstat.php?type=ddg&id=82461768
99R,1.382,http://protein.org.cn/jobstat.php?type=ddg&id=77422823
100F,-0.854,http://protein.org.cn/jobstat.php?type=ddg&id=93499118
100R,0.397,http://protein.org.cn/jobstat.php?type=ddg&id=82557654
101F,-0.419,http://protein.org.cn/jobstat.php?type=ddg&id=40554559
101R,0.233,http://protein.org.cn/jobstat.php?type=ddg&id=97681519
102F,-0.085,http://protein.org.cn/jobstat.php?type=ddg&id=18119895
102R,-0.002,http://protein.org.cn/jobstat.php?type=ddg&id=27812809
103F,-2.804,http://protein.org.cn/jobstat.php?type=ddg&id=44477455
103R,1.967,http://protein.org.cn/jobstat.php?type=ddg&id=72812964
104F,-1.262,http://protein.org.cn/jobstat.php?type=ddg&id=12529220
104R,0.278,http://protein.org.cn/jobstat.php?type=ddg&id=67596874
105F,-1.49,http://protein.org.cn/jobstat.php?type=ddg&id=95924949
105R,0.923,http://protein.org.cn/jobstat.php?type=ddg&id=79170411
106F,-1.343,http://protein.org.cn/jobstat.php?type=ddg&id=96084127
106R,-0.372,http://protein.org.cn/jobstat.php?type=ddg&id=26469101
107F,-0.497,http://protein.org.cn/jobstat.php?type=ddg&id=52501870
99F,-2.035,http://protein.org.cn/jobstat.php?type=ddg&id=88031078
107R,0.272,http://protein.org.cn/jobstat.php?type=ddg&id=22148610
108F,-1.44,http://protein.org.cn/jobstat.php?type=ddg&id=45099723
108R,0.759,http://protein.org.cn/jobstat.php?type=ddg&id=83245102
109F,-3.278,http://protein.org.cn/jobstat.php?type=ddg&id=17330342
109R,2.781,http://protein.org.cn/jobstat.php?type=ddg&id=49093943
110F,-1.571,http://protein.org.cn/jobstat.php?type=ddg&id=37351568
110R,1.206,http://protein.org.cn/jobstat.php?type=ddg&id=36763733
111F,-0.123,http://protein.org.cn/jobstat.php?type=ddg&id=32298688
111R,-0.108,http://protein.org.cn/jobstat.php?type=ddg&id=30311144
112F,-0.009,http://protein.org.cn/jobstat.php?type=ddg&id=63135410
112R,-0.027,http://protein.org.cn/jobstat.php?type=ddg&id=93344407
113F,-1.633,http://protein.org.cn/jobstat.php?type=ddg&id=92646617
113R,-0.676,http://protein.org.cn/jobstat.php?type=ddg&id=61410859
114F,-1.867,http://protein.org.cn/jobstat.php?type=ddg&id=95954340
114R,-0.877,http://protein.org.cn/jobstat.php?type=ddg&id=13008976
115F,-2.562,http://protein.org.cn/jobstat.php?type=ddg&id=62891620
115R,1.779,http://protein.org.cn/jobstat.php?type=ddg&id=10021167
116F,-1.349,http://protein.org.cn/jobstat.php?type=ddg&id=19310495
116R,-0.304,http://protein.org.cn/jobstat.php?type=ddg&id=46086086
117F,-3.606,http://protein.org.cn/jobstat.php?type=ddg&id=63382582
117R,2.975,http://protein.org.cn/jobstat.php?type=ddg&id=93372137
118F,-0.984,http://protein.org.cn/jobstat.php?type=ddg&id=64523696
118R,0.991,http://protein.org.cn/jobstat.php?type=ddg&id=59646510
119F,-0.798,http://protein.org.cn/jobstat.php?type=ddg&id=10675488
119R,0.618,http://protein.org.cn/jobstat.php?type=ddg&id=65959676
120F,-1.395,http://protein.org.cn/jobstat.php?type=ddg&id=15401072
120R,1.144,http://protein.org.cn/jobstat.php?type=ddg&id=99567688
121F,-2.155,http://protein.org.cn/jobstat.php?type=ddg&id=96280586
121R,1.62,http://protein.org.cn/jobstat.php?type=ddg&id=32045663
122F,-2.218,http://protein.org.cn/jobstat.php?type=ddg&id=62207672
122R,2.098,http://protein.org.cn/jobstat.php?type=ddg&id=14412758
123F,-1.063,http://protein.org.cn/jobstat.php?type=ddg&id=69669101
123R,0.318,http://protein.org.cn/jobstat.php?type=ddg&id=32871533
124F,-0.519,http://protein.org.cn/jobstat.php?type=ddg&id=16476958
124R,0.224,http://protein.org.cn/jobstat.php?type=ddg&id=40518570
125F,-0.815,http://protein.org.cn/jobstat.php?type=ddg&id=34981171
125R,0.676,http://protein.org.cn/jobstat.php?type=ddg&id=34433628
126F,-0.715,http://protein.org.cn/jobstat.php?type=ddg&id=50452347
126R,0.439,http://protein.org.cn/jobstat.php?type=ddg&id=83391938
127F,-0.926,http://protein.org.cn/jobstat.php?type=ddg&id=30083963
127R,0.37,http://protein.org.cn/jobstat.php?type=ddg&id=89139574
128F,0.502,http://protein.org.cn/jobstat.php?type=ddg&id=28764938
128R,-0.478,http://protein.org.cn/jobstat.php?type=ddg&id=97460758
129F,-0.477,http://protein.org.cn/jobstat.php?type=ddg&id=67474640
129R,-0.486,http://protein.org.cn/jobstat.php?type=ddg&id=23817191
130F,-1.157,http://protein.org.cn/jobstat.php?type=ddg&id=94389512
130R,0.917,http://protein.org.cn/jobstat.php?type=ddg&id=62860770
131F,-0.03,http://protein.org.cn/jobstat.php?type=ddg&id=87451777
131R,-0.172,http://protein.org.cn/jobstat.php?type=ddg&id=85588652
132F,-0.354,http://protein.org.cn/jobstat.php?type=ddg&id=76455910
132R,0.426,http://protein.org.cn/jobstat.php?type=ddg&id=61905785
133F,-0.013,http://protein.org.cn/jobstat.php?type=ddg&id=55958368
133R,-0.04,http://protein.org.cn/jobstat.php?type=ddg&id=17872150
134F,-1.255,http://protein.org.cn/jobstat.php?type=ddg&id=38751963
134R,0.9,http://protein.org.cn/jobstat.php?type=ddg&id=62412303
135F,-0.023,http://protein.org.cn/jobstat.php?type=ddg&id=35702761
135R,-0.082,http://protein.org.cn/jobstat.php?type=ddg&id=22195575
136F,-0.027,http://protein.org.cn/jobstat.php?type=ddg&id=57977770
136R,-0.073,http://protein.org.cn/jobstat.php?type=ddg&id=45789432
137F,-1.685,http://protein.org.cn/jobstat.php?type=ddg&id=27646142
137R,1.01,http://protein.org.cn/jobstat.php?type=ddg&id=22376048
138F,-0.477,http://protein.org.cn/jobstat.php?type=ddg&id=86845944
138R,-0.121,http://protein.org.cn/jobstat.php?type=ddg&id=36174677
139F,-0.892,http://protein.org.cn/jobstat.php?type=ddg&id=21857354
139R,-0.331,http://protein.org.cn/jobstat.php?type=ddg&id=52863311
140F,1.445,http://protein.org.cn/jobstat.php?type=ddg&id=50545422
140R,-1.498,http://protein.org.cn/jobstat.php?type=ddg&id=21985584
141F,-2.437,http://protein.org.cn/jobstat.php?type=ddg&id=64748316
141R,1.739,http://protein.org.cn/jobstat.php?type=ddg&id=66215925
142F,-0.701,http://protein.org.cn/jobstat.php?type=ddg&id=86083640
142R,0.623,http://protein.org.cn/jobstat.php?type=ddg&id=72093007
143F,0.655,http://protein.org.cn/jobstat.php?type=ddg&id=70354331
143R,-0.615,http://protein.org.cn/jobstat.php?type=ddg&id=21275284
144F,-1.114,http://protein.org.cn/jobstat.php?type=ddg&id=59808100
144R,0.496,http://protein.org.cn/jobstat.php?type=ddg&id=23512717
145F,-0.935,http://protein.org.cn/jobstat.php?type=ddg&id=13918240
145R,-0.43,http://protein.org.cn/jobstat.php?type=ddg&id=92441242
146F,-0.798,http://protein.org.cn/jobstat.php?type=ddg&id=78921226
146R,0.573,http://protein.org.cn/jobstat.php?type=ddg&id=88063730
147F,-1.703,http://protein.org.cn/jobstat.php?type=ddg&id=24839593
147R,0.484,http://protein.org.cn/jobstat.php?type=ddg&id=51686530
148F,-2.271,http://protein.org.cn/jobstat.php?type=ddg&id=79430691
148R,0.275,http://protein.org.cn/jobstat.php?type=ddg&id=71610666
149F,-1.473,http://protein.org.cn/jobstat.php?type=ddg&id=62644276
149R,1.166,http://protein.org.cn/jobstat.php?type=ddg&id=37125756
150F,-0.138,http://protein.org.cn/jobstat.php?type=ddg&id=41236498
150R,0.068,http://protein.org.cn/jobstat.php?type=ddg&id=48183388
151F,0.351,http://protein.org.cn/jobstat.php?type=ddg&id=44152377
151R,-0.944,http://protein.org.cn/jobstat.php?type=ddg&id=77748731
152F,-0.199,http://protein.org.cn/jobstat.php?type=ddg&id=36890102
152R,-0.136,http://protein.org.cn/jobstat.php?type=ddg&id=50534969
153F,-0.022,http://protein.org.cn/jobstat.php?type=ddg&id=39779602
153R,-0.101,http://protein.org.cn/jobstat.php?type=ddg&id=56910812
154F,-2.4,http://protein.org.cn/jobstat.php?type=ddg&id=32616393
154R,1.238,http://protein.org.cn/jobstat.php?type=ddg&id=60200525
155F,-2.866,http://protein.org.cn/jobstat.php?type=ddg&id=77276413
155R,0.074,http://protein.org.cn/jobstat.php?type=ddg&id=98652120
156F,-4.241,http://protein.org.cn/jobstat.php?type=ddg&id=69827411
156R,1.387,http://protein.org.cn/jobstat.php?type=ddg&id=30901304
157F,0.627,http://protein.org.cn/jobstat.php?type=ddg&id=76065249
157R,-0.747,http://protein.org.cn/jobstat.php?type=ddg&id=10005908
158F,-0.738,http://protein.org.cn/jobstat.php?type=ddg&id=25389033
158R,-0.076,http://protein.org.cn/jobstat.php?type=ddg&id=18080969
159F,-2.546,http://protein.org.cn/jobstat.php?type=ddg&id=28521316
159R,1.334,http://protein.org.cn/jobstat.php?type=ddg&id=32989606
160F,-3.154,http://protein.org.cn/jobstat.php?type=ddg&id=68228645
160R,1.152,http://protein.org.cn/jobstat.php?type=ddg&id=56729199
161F,-1.117,http://protein.org.cn/jobstat.php?type=ddg&id=86823681
161R,0.198,http://protein.org.cn/jobstat.php?type=ddg&id=65348476
162F,-0.925,http://protein.org.cn/jobstat.php?type=ddg&id=79227442
162R,-1.379,http://protein.org.cn/jobstat.php?type=ddg&id=61223296
163F,0.551,http://protein.org.cn/jobstat.php?type=ddg&id=65088089
163R,-1.795,http://protein.org.cn/jobstat.php?type=ddg&id=76167663
164F,-2.088,http://protein.org.cn/jobstat.php?type=ddg&id=99480588
164R,0.693,http://protein.org.cn/jobstat.php?type=ddg&id=27043072
165F,0.121,http://protein.org.cn/jobstat.php?type=ddg&id=90835869
165R,-1.116,http://protein.org.cn/jobstat.php?type=ddg&id=39057266
166F,-2.674,http://protein.org.cn/jobstat.php?type=ddg&id=92799653
166R,1.067,http://protein.org.cn/jobstat.php?type=ddg&id=83215482
167F,0.153,http://protein.org.cn/jobstat.php?type=ddg&id=29483742
167R,0.409,http://protein.org.cn/jobstat.php?type=ddg&id=27292426
168F,0.298,http://protein.org.cn/jobstat.php?type=ddg&id=30780967
168R,-0.441,http://protein.org.cn/jobstat.php?type=ddg&id=37740480
169F,0.375,http://protein.org.cn/jobstat.php?type=ddg&id=80570552
169R,-0.329,http://protein.org.cn/jobstat.php?type=ddg&id=12723616
170F,-0.909,http://protein.org.cn/jobstat.php?type=ddg&id=67857119
170R,1.217,http://protein.org.cn/jobstat.php?type=ddg&id=16724193
171F,-0.765,http://protein.org.cn/jobstat.php?type=ddg&id=43697907
171R,0.149,http://protein.org.cn/jobstat.php?type=ddg&id=88283905
172F,-0.898,http://protein.org.cn/jobstat.php?type=ddg&id=75549641
172R,0.226,http://protein.org.cn/jobstat.php?type=ddg&id=76281300
173F,-1.137,http://protein.org.cn/jobstat.php?type=ddg&id=40296683
173R,0.234,http://protein.org.cn/jobstat.php?type=ddg&id=12093080
174F,-0.408,http://protein.org.cn/jobstat.php?type=ddg&id=42807251
174R,-0.049,http://protein.org.cn/jobstat.php?type=ddg&id=81274712
175F,-1.613,http://protein.org.cn/jobstat.php?type=ddg&id=57663414
175R,0.032,http://protein.org.cn/jobstat.php?type=ddg&id=24503400
176F,-1.483,http://protein.org.cn/jobstat.php?type=ddg&id=11550270
176R,-0.027,http://protein.org.cn/jobstat.php?type=ddg&id=82705083
177F,-0.064,http://protein.org.cn/jobstat.php?type=ddg&id=78887608
177R,-0.023,http://protein.org.cn/jobstat.php?type=ddg&id=75094612
178F,-0.182,http://protein.org.cn/jobstat.php?type=ddg&id=61380798
178R,-0.035,http://protein.org.cn/jobstat.php?type=ddg&id=92510715
179F,-0.709,http://protein.org.cn/jobstat.php?type=ddg&id=56532661
179R,0.013,http://protein.org.cn/jobstat.php?type=ddg&id=57491524
180F,-0.715,http://protein.org.cn/jobstat.php?type=ddg&id=42479681
180R,-0.049,http://protein.org.cn/jobstat.php?type=ddg&id=13908999
181F,-0.391,http://protein.org.cn/jobstat.php?type=ddg&id=17522986
181R,0.527,http://protein.org.cn/jobstat.php?type=ddg&id=22540077
182F,-2.029,http://protein.org.cn/jobstat.php?type=ddg&id=43912697
182R,1.601,http://protein.org.cn/jobstat.php?type=ddg&id=77679636
183F,-0.393,http://protein.org.cn/jobstat.php?type=ddg&id=39994253
183R,-0.017,http://protein.org.cn/jobstat.php?type=ddg&id=19866410
184F,0.057,http://protein.org.cn/jobstat.php?type=ddg&id=47177345
184R,-0.266,http://protein.org.cn/jobstat.php?type=ddg&id=13741552
185F,-0.362,http://protein.org.cn/jobstat.php?type=ddg&id=15419292
185R,0.16,http://protein.org.cn/jobstat.php?type=ddg&id=83884077
186F,-0.084,http://protein.org.cn/jobstat.php?type=ddg&id=31780557
186R,-0.238,http://protein.org.cn/jobstat.php?type=ddg&id=85145242
187F,-1.214,http://protein.org.cn/jobstat.php?type=ddg&id=86380820
187R,1.1,http://protein.org.cn/jobstat.php?type=ddg&id=40662673
188F,-2.599,http://protein.org.cn/jobstat.php?type=ddg&id=71451681
188R,1.932,http://protein.org.cn/jobstat.php?type=ddg&id=43713495
189F,-2.986,http://protein.org.cn/jobstat.php?type=ddg&id=34429487
189R,1.899,http://protein.org.cn/jobstat.php?type=ddg&id=29392055
190F,-1.77,http://protein.org.cn/jobstat.php?type=ddg&id=29990797
190R,1.605,http://protein.org.cn/jobstat.php?type=ddg&id=56386605
191F,-3.659,http://protein.org.cn/jobstat.php?type=ddg&id=30490255
191R,1.584,http://protein.org.cn/jobstat.php?type=ddg&id=64339508
192F,-5.228,http://protein.org.cn/jobstat.php?type=ddg&id=21742218
192R,2.143,http://protein.org.cn/jobstat.php?type=ddg&id=16548546
193F,-1.249,http://protein.org.cn/jobstat.php?type=ddg&id=56658899
193R,1.048,http://protein.org.cn/jobstat.php?type=ddg&id=45984426
194F,-0.279,http://protein.org.cn/jobstat.php?type=ddg&id=94063349
194R,0.148,http://protein.org.cn/jobstat.php?type=ddg&id=55476956
195F,-1.212,http://protein.org.cn/jobstat.php?type=ddg&id=50625274
195R,-0.173,http://protein.org.cn/jobstat.php?type=ddg&id=30535617
196F,-0.206,http://protein.org.cn/jobstat.php?type=ddg&id=99178799
196R,0.144,http://protein.org.cn/jobstat.php?type=ddg&id=45885605
197F,-0.554,http://protein.org.cn/jobstat.php?type=ddg&id=12239236
197R,-0.026,http://protein.org.cn/jobstat.php?type=ddg&id=15175011
198F,0.018,http://protein.org.cn/jobstat.php?type=ddg&id=85056132
198R,-0.102,http://protein.org.cn/jobstat.php?type=ddg&id=29183733
199F,-0.118,http://protein.org.cn/jobstat.php?type=ddg&id=91679661
199R,-0.106,http://protein.org.cn/jobstat.php?type=ddg&id=71918121
200F,-0.566,http://protein.org.cn/jobstat.php?type=ddg&id=62383120
201F,-0.059,http://protein.org.cn/jobstat.php?type=ddg&id=49680003
201R,-0.17,http://protein.org.cn/jobstat.php?type=ddg&id=79164987
202F,-0.335,http://protein.org.cn/jobstat.php?type=ddg&id=25507365
203F,-0.803,http://protein.org.cn/jobstat.php?type=ddg&id=10254124
203R,-0.021,http://protein.org.cn/jobstat.php?type=ddg&id=24632380
204F,-0.682,http://protein.org.cn/jobstat.php?type=ddg&id=27164169
204R,-0.146,http://protein.org.cn/jobstat.php?type=ddg&id=83929274
205F,-0.005,http://protein.org.cn/jobstat.php?type=ddg&id=21930663
205R,-0.211,http://protein.org.cn/jobstat.php?type=ddg&id=35682080
206F,-0.196,http://protein.org.cn/jobstat.php?type=ddg&id=78252221
206R,0.064,http://protein.org.cn/jobstat.php?type=ddg&id=69082001
207F,-2.028,http://protein.org.cn/jobstat.php?type=ddg&id=25550010
207R,1.059,http://protein.org.cn/jobstat.php?type=ddg&id=50441137
208F,-2.039,http://protein.org.cn/jobstat.php?type=ddg&id=86145431
208R,1.557,http://protein.org.cn/jobstat.php?type=ddg&id=21207652
209F,-1.031,http://protein.org.cn/jobstat.php?type=ddg&id=62222560
209R,0.742,http://protein.org.cn/jobstat.php?type=ddg&id=15424141
210F,-0.329,http://protein.org.cn/jobstat.php?type=ddg&id=94796531
210R,0.301,http://protein.org.cn/jobstat.php?type=ddg&id=73398140
211F,-0.998,http://protein.org.cn/jobstat.php?type=ddg&id=76197603
211R,1.004,http://protein.org.cn/jobstat.php?type=ddg&id=11370834
212F,-1.808,http://protein.org.cn/jobstat.php?type=ddg&id=93681393
212R,0.67,http://protein.org.cn/jobstat.php?type=ddg&id=12444766
213F,-1.26,http://protein.org.cn/jobstat.php?type=ddg&id=91911075
213R,1.126,http://protein.org.cn/jobstat.php?type=ddg&id=46090113
214F,-0.411,http://protein.org.cn/jobstat.php?type=ddg&id=16412984
214R,0.076,http://protein.org.cn/jobstat.php?type=ddg&id=68024530
215F,-1.628,http://protein.org.cn/jobstat.php?type=ddg&id=35333222
215R,0.993,http://protein.org.cn/jobstat.php?type=ddg&id=97104687
216F,-0.533,http://protein.org.cn/jobstat.php?type=ddg&id=25175472
216R,0.407,http://protein.org.cn/jobstat.php?type=ddg&id=71423529
217F,-0.342,http://protein.org.cn/jobstat.php?type=ddg&id=84540856
217R,0.128,http://protein.org.cn/jobstat.php?type=ddg&id=38053910
218F,-0.472,http://protein.org.cn/jobstat.php?type=ddg&id=94306205
218R,0.116,http://protein.org.cn/jobstat.php?type=ddg&id=30491302
219F,-0.961,http://protein.org.cn/jobstat.php?type=ddg&id=17074032
219R,0.525,http://protein.org.cn/jobstat.php?type=ddg&id=14029027
220F,-0.065,http://protein.org.cn/jobstat.php?type=ddg&id=98936179
220R,-0.12,http://protein.org.cn/jobstat.php?type=ddg&id=24719623
221F,-0.06,http://protein.org.cn/jobstat.php?type=ddg&id=60262747
221R,-0.074,http://protein.org.cn/jobstat.php?type=ddg&id=88906538
222F,-0.044,http://protein.org.cn/jobstat.php?type=ddg&id=83105154
222R,-0.116,http://protein.org.cn/jobstat.php?type=ddg&id=69360679
223F,-0.486,http://protein.org.cn/jobstat.php?type=ddg&id=81388765
223R,0.056,http://protein.org.cn/jobstat.php?type=ddg&id=70137449
224F,-0.175,http://protein.org.cn/jobstat.php?type=ddg&id=10959621
224R,-0.081,http://protein.org.cn/jobstat.php?type=ddg&id=83570906
225F,-0.237,http://protein.org.cn/jobstat.php?type=ddg&id=72527569
225R,-0.1,http://protein.org.cn/jobstat.php?type=ddg&id=80390048
226F,0.136,http://protein.org.cn/jobstat.php?type=ddg&id=60576122
226R,-0.111,http://protein.org.cn/jobstat.php?type=ddg&id=74256297
227F,-0.029,http://protein.org.cn/jobstat.php?type=ddg&id=57898928
227R,-0.129,http://protein.org.cn/jobstat.php?type=ddg&id=12089468
228F,-1.057,http://protein.org.cn/jobstat.php?type=ddg&id=44892493
228R,0.683,http://protein.org.cn/jobstat.php?type=ddg&id=79419327
229F,-0.25,http://protein.org.cn/jobstat.php?type=ddg&id=81619621
229R,-0.068,http://protein.org.cn/jobstat.php?type=ddg&id=61041843
230F,-1.898,http://protein.org.cn/jobstat.php?type=ddg&id=33466318
230R,0.827,http://protein.org.cn/jobstat.php?type=ddg&id=17547968
200R,-0.12,http://protein.org.cn/jobstat.php?type=ddg&id=30889488
202R,-0.109,http://protein.org.cn/jobstat.php?type=ddg&id=24943864
231F,-2.046,http://protein.org.cn/jobstat.php?type=ddg&id=38770476
231R,0.118,http://protein.org.cn/jobstat.php?type=ddg&id=68107290
232F,0.534,http://protein.org.cn/jobstat.php?type=ddg&id=61735246
232R,-1.399,http://protein.org.cn/jobstat.php?type=ddg&id=15818814
233F,-0.807,http://protein.org.cn/jobstat.php?type=ddg&id=29340375
233R,0.555,http://protein.org.cn/jobstat.php?type=ddg&id=13589736
234F,-0.048,http://protein.org.cn/jobstat.php?type=ddg&id=76770098
234R,0.019,http://protein.org.cn/jobstat.php?type=ddg&id=98835839
235F,-1.459,http://protein.org.cn/jobstat.php?type=ddg&id=76179945
235R,-0.592,http://protein.org.cn/jobstat.php?type=ddg&id=93486534
236F,-3.329,http://protein.org.cn/jobstat.php?type=ddg&id=65809732
236R,0.337,http://protein.org.cn/jobstat.php?type=ddg&id=81483122
237F,-1.27,http://protein.org.cn/jobstat.php?type=ddg&id=70402932
237R,0.763,http://protein.org.cn/jobstat.php?type=ddg&id=69777630
238F,0.124,http://protein.org.cn/jobstat.php?type=ddg&id=89773590
238R,-0.306,http://protein.org.cn/jobstat.php?type=ddg&id=73727489
239F,-0.155,http://protein.org.cn/jobstat.php?type=ddg&id=22222872
239R,0.027,http://protein.org.cn/jobstat.php?type=ddg&id=44699046
240F,-0.218,http://protein.org.cn/jobstat.php?type=ddg&id=16495548
240R,-0.101,http://protein.org.cn/jobstat.php?type=ddg&id=19074262
241F,-1.26,http://protein.org.cn/jobstat.php?type=ddg&id=83399043
241R,0.368,http://protein.org.cn/jobstat.php?type=ddg&id=51001521
242F,-4.13,http://protein.org.cn/jobstat.php?type=ddg&id=21970655
242R,1.12,http://protein.org.cn/jobstat.php?type=ddg&id=43107765
243F,-2.277,http://protein.org.cn/jobstat.php?type=ddg&id=42446462
243R,0.838,http://protein.org.cn/jobstat.php?type=ddg&id=41117998
244F,-1.03,http://protein.org.cn/jobstat.php?type=ddg&id=57091051
244R,0.547,http://protein.org.cn/jobstat.php?type=ddg&id=64482005
245F,-0.859,http://protein.org.cn/jobstat.php?type=ddg&id=33219185
245R,0.09,http://protein.org.cn/jobstat.php?type=ddg&id=37273580
246F,-0.272,http://protein.org.cn/jobstat.php?type=ddg&id=75419583
246R,0.147,http://protein.org.cn/jobstat.php?type=ddg&id=72409611
247F,-0.64,http://protein.org.cn/jobstat.php?type=ddg&id=10979265
247R,0.135,http://protein.org.cn/jobstat.php?type=ddg&id=56796903
248F,0.091,http://protein.org.cn/jobstat.php?type=ddg&id=36562982
248R,-1.169,http://protein.org.cn/jobstat.php?type=ddg&id=75279843
249F,-0.443,http://protein.org.cn/jobstat.php?type=ddg&id=68067087
249R,0.288,http://protein.org.cn/jobstat.php?type=ddg&id=13137859
250F,0.834,http://protein.org.cn/jobstat.php?type=ddg&id=55862141
250R,-1.125,http://protein.org.cn/jobstat.php?type=ddg&id=99397904
251F,0.143,http://protein.org.cn/jobstat.php?type=ddg&id=47389097
251R,-0.238,http://protein.org.cn/jobstat.php?type=ddg&id=55488221
252F,-0.463,http://protein.org.cn/jobstat.php?type=ddg&id=41214047
252R,0.358,http://protein.org.cn/jobstat.php?type=ddg&id=27264747
253F,-0.2,http://protein.org.cn/jobstat.php?type=ddg&id=35188767
253R,0.096,http://protein.org.cn/jobstat.php?type=ddg&id=14281245
254F,-0.533,http://protein.org.cn/jobstat.php?type=ddg&id=41602284
254R,0.33,http://protein.org.cn/jobstat.php?type=ddg&id=77506972
255F,-1.296,http://protein.org.cn/jobstat.php?type=ddg&id=15472032
255R,0.71,http://protein.org.cn/jobstat.php?type=ddg&id=93406834
256F,-0.231,http://protein.org.cn/jobstat.php?type=ddg&id=39751311
256R,-0.008,http://protein.org.cn/jobstat.php?type=ddg&id=56083283
257R,0.749,http://protein.org.cn/jobstat.php?type=ddg&id=35481687
258F,-1.885,http://protein.org.cn/jobstat.php?type=ddg&id=38565882
258R,0.972,http://protein.org.cn/jobstat.php?type=ddg&id=93871267
259F,0.254,http://protein.org.cn/jobstat.php?type=ddg&id=15368596
259R,-0.411,http://protein.org.cn/jobstat.php?type=ddg&id=96196213
260F,-0.856,http://protein.org.cn/jobstat.php?type=ddg&id=34835700
260R,0.07,http://protein.org.cn/jobstat.php?type=ddg&id=67947657
261F,-1.151,http://protein.org.cn/jobstat.php?type=ddg&id=43037069
261R,0.482,http://protein.org.cn/jobstat.php?type=ddg&id=70339773
262F,-0.281,http://protein.org.cn/jobstat.php?type=ddg&id=52396680
262R,-0.043,http://protein.org.cn/jobstat.php?type=ddg&id=69306779
263F,-0.846,http://protein.org.cn/jobstat.php?type=ddg&id=53752255
263R,0.268,http://protein.org.cn/jobstat.php?type=ddg&id=88761472
264F,-0.76,http://protein.org.cn/jobstat.php?type=ddg&id=29272762
264R,0.271,http://protein.org.cn/jobstat.php?type=ddg&id=56997087
265F,-0.454,http://protein.org.cn/jobstat.php?type=ddg&id=97133545
265R,-0.245,http://protein.org.cn/jobstat.php?type=ddg&id=36467747
266F,-0.45,http://protein.org.cn/jobstat.php?type=ddg&id=72028750
266R,-0.178,http://protein.org.cn/jobstat.php?type=ddg&id=51184767
267F,-1.338,http://protein.org.cn/jobstat.php?type=ddg&id=20563433
267R,0.381,http://protein.org.cn/jobstat.php?type=ddg&id=67862341
268F,-0.625,http://protein.org.cn/jobstat.php?type=ddg&id=45737156
268R,0.301,http://protein.org.cn/jobstat.php?type=ddg&id=40822304
269F,-0.739,http://protein.org.cn/jobstat.php?type=ddg&id=72403768
269R,-0.019,http://protein.org.cn/jobstat.php?type=ddg&id=42736170
270F,-2.241,http://protein.org.cn/jobstat.php?type=ddg&id=19419613
270R,0.871,http://protein.org.cn/jobstat.php?type=ddg&id=18736161
271F,-0.056,http://protein.org.cn/jobstat.php?type=ddg&id=53546021
271R,-0.047,http://protein.org.cn/jobstat.php?type=ddg&id=51873814
272F,-0.15,http://protein.org.cn/jobstat.php?type=ddg&id=77046581
272R,-0.125,http://protein.org.cn/jobstat.php?type=ddg&id=66068648
273F,-0.136,http://protein.org.cn/jobstat.php?type=ddg&id=20703513
273R,0.03,http://protein.org.cn/jobstat.php?type=ddg&id=66446027
274F,-0.203,http://protein.org.cn/jobstat.php?type=ddg&id=77972236
274R,0.075,http://protein.org.cn/jobstat.php?type=ddg&id=32512358
275F,-0.086,http://protein.org.cn/jobstat.php?type=ddg&id=67750573
275R,0.005,http://protein.org.cn/jobstat.php?type=ddg&id=32729521
276F,0.204,http://protein.org.cn/jobstat.php?type=ddg&id=31196415
276R,-0.86,http://protein.org.cn/jobstat.php?type=ddg&id=46853590
277F,-0.159,http://protein.org.cn/jobstat.php?type=ddg&id=67897192
277R,-0.006,http://protein.org.cn/jobstat.php?type=ddg&id=29158162
278F,-0.189,http://protein.org.cn/jobstat.php?type=ddg&id=77150898
278R,-0.022,http://protein.org.cn/jobstat.php?type=ddg&id=52933760
279F,-0.799,http://protein.org.cn/jobstat.php?type=ddg&id=73002786
279R,0.465,http://protein.org.cn/jobstat.php?type=ddg&id=55569730
280F,0.088,http://protein.org.cn/jobstat.php?type=ddg&id=44985430
280R,-0.192,http://protein.org.cn/jobstat.php?type=ddg&id=24166791
281F,0.057,http://protein.org.cn/jobstat.php?type=ddg&id=85555693
281R,-0.171,http://protein.org.cn/jobstat.php?type=ddg&id=13838845
282F,-0.35,http://protein.org.cn/jobstat.php?type=ddg&id=80529729
282R,0.213,http://protein.org.cn/jobstat.php?type=ddg&id=47130555
283F,-0.081,http://protein.org.cn/jobstat.php?type=ddg&id=43183441
283R,-0.143,http://protein.org.cn/jobstat.php?type=ddg&id=91265477
284F,-0.012,http://protein.org.cn/jobstat.php?type=ddg&id=55091960
284R,-0.178,http://protein.org.cn/jobstat.php?type=ddg&id=30527738
285F,-2.048,http://protein.org.cn/jobstat.php?type=ddg&id=10064529
285R,1.709,http://protein.org.cn/jobstat.php?type=ddg&id=90209070
286F,-0.202,http://protein.org.cn/jobstat.php?type=ddg&id=34988798
286R,0.097,http://protein.org.cn/jobstat.php?type=ddg&id=17215531
287F,-0.125,http://protein.org.cn/jobstat.php?type=ddg&id=61069056
287R,0.028,http://protein.org.cn/jobstat.php?type=ddg&id=72139987
288F,-0.045,http://protein.org.cn/jobstat.php?type=ddg&id=74771429
288R,-0.13,http://protein.org.cn/jobstat.php?type=ddg&id=80815627
289F,-3.215,http://protein.org.cn/jobstat.php?type=ddg&id=79854989
289R,-0.476,http://protein.org.cn/jobstat.php?type=ddg&id=29482012
290F,-2.099,http://protein.org.cn/jobstat.php?type=ddg&id=11394126
290R,0.549,http://protein.org.cn/jobstat.php?type=ddg&id=94176535
291F,-0.473,http://protein.org.cn/jobstat.php?type=ddg&id=62979847
291R,0.209,http://protein.org.cn/jobstat.php?type=ddg&id=48469217
292F,-1.851,http://protein.org.cn/jobstat.php?type=ddg&id=46892751
292R,1.046,http://protein.org.cn/jobstat.php?type=ddg&id=41914691
293F,-1.364,http://protein.org.cn/jobstat.php?type=ddg&id=89393985
293R,0.429,http://protein.org.cn/jobstat.php?type=ddg&id=85333881
294F,-1.263,http://protein.org.cn/jobstat.php?type=ddg&id=47184850
294R,-0.294,http://protein.org.cn/jobstat.php?type=ddg&id=84710295
295F,-1.59,http://protein.org.cn/jobstat.php?type=ddg&id=64242436
295R,-0.231,http://protein.org.cn/jobstat.php?type=ddg&id=39243434
296F,-0.908,http://protein.org.cn/jobstat.php?type=ddg&id=17081321
296R,-0.358,http://protein.org.cn/jobstat.php?type=ddg&id=83780566
297F,-1.252,http://protein.org.cn/jobstat.php?type=ddg&id=34518573
257F,-1.012,http://protein.org.cn/jobstat.php?type=ddg&id=32117442
297R,-0.32,http://protein.org.cn/jobstat.php?type=ddg&id=54394309
298F,-2.309,http://protein.org.cn/jobstat.php?type=ddg&id=30324261
298R,0.035,http://protein.org.cn/jobstat.php?type=ddg&id=69235710
299F,-1.318,http://protein.org.cn/jobstat.php?type=ddg&id=72877096
299R,-0.187,http://protein.org.cn/jobstat.php?type=ddg&id=21862073
300F,-1.172,http://protein.org.cn/jobstat.php?type=ddg&id=16076574
300R,-0.142,http://protein.org.cn/jobstat.php?type=ddg&id=60790392
301F,-1.18,http://protein.org.cn/jobstat.php?type=ddg&id=88911253
301R,0.151,http://protein.org.cn/jobstat.php?type=ddg&id=41126914
302F,-1.296,http://protein.org.cn/jobstat.php?type=ddg&id=65074427
302R,-0.629,http://protein.org.cn/jobstat.php?type=ddg&id=96241898
303F,-0.926,http://protein.org.cn/jobstat.php?type=ddg&id=31496755
303R,-0.204,http://protein.org.cn/jobstat.php?type=ddg&id=64554644
304F,-1.291,http://protein.org.cn/jobstat.php?type=ddg&id=84079204
304R,0.456,http://protein.org.cn/jobstat.php?type=ddg&id=79383501
305F,-1.192,http://protein.org.cn/jobstat.php?type=ddg&id=56311368
305R,0.02,http://protein.org.cn/jobstat.php?type=ddg&id=17246770
306R,0.091,http://protein.org.cn/jobstat.php?type=ddg&id=95906297
306F,-0.385,http://protein.org.cn/jobstat.php?type=ddg&id=79086805
307F,-0.947,http://protein.org.cn/jobstat.php?type=ddg&id=28595954
307R,0.345,http://protein.org.cn/jobstat.php?type=ddg&id=79127306
308F,0.203,http://protein.org.cn/jobstat.php?type=ddg&id=15234696
308R,-0.617,http://protein.org.cn/jobstat.php?type=ddg&id=93947850
309F,0.578,http://protein.org.cn/jobstat.php?type=ddg&id=64759673
309R,-0.762,http://protein.org.cn/jobstat.php?type=ddg&id=20797101
310F,0.651,http://protein.org.cn/jobstat.php?type=ddg&id=31423865
310R,-0.594,http://protein.org.cn/jobstat.php?type=ddg&id=20840468
311F,-0.308,http://protein.org.cn/jobstat.php?type=ddg&id=33558416
311R,-0.328,http://protein.org.cn/jobstat.php?type=ddg&id=34668589
312F,-0.129,http://protein.org.cn/jobstat.php?type=ddg&id=93784809
312R,0.098,http://protein.org.cn/jobstat.php?type=ddg&id=76212111
313F,0.141,http://protein.org.cn/jobstat.php?type=ddg&id=33054842
313R,-0.109,http://protein.org.cn/jobstat.php?type=ddg&id=70770492
314F,-0.238,http://protein.org.cn/jobstat.php?type=ddg&id=71089180
314R,0.129,http://protein.org.cn/jobstat.php?type=ddg&id=69990843
315F,-0.172,http://protein.org.cn/jobstat.php?type=ddg&id=12617479
315R,0.172,http://protein.org.cn/jobstat.php?type=ddg&id=13867449
316F,-0.356,http://protein.org.cn/jobstat.php?type=ddg&id=26535864
316R,0.06,http://protein.org.cn/jobstat.php?type=ddg&id=92889671
317F,-1.285,http://protein.org.cn/jobstat.php?type=ddg&id=61293688
317R,1.288,http://protein.org.cn/jobstat.php?type=ddg&id=15584723
318F,-0.953,http://protein.org.cn/jobstat.php?type=ddg&id=85297408
318R,0.648,http://protein.org.cn/jobstat.php?type=ddg&id=23100290
319F,-0.479,http://protein.org.cn/jobstat.php?type=ddg&id=16754324
319R,-0.139,http://protein.org.cn/jobstat.php?type=ddg&id=66838829
320F,-0.278,http://protein.org.cn/jobstat.php?type=ddg&id=30334786
320R,0.221,http://protein.org.cn/jobstat.php?type=ddg&id=93696441
321F,-0.177,http://protein.org.cn/jobstat.php?type=ddg&id=76038088
321R,-0.069,http://protein.org.cn/jobstat.php?type=ddg&id=39121039
322F,-0.186,http://protein.org.cn/jobstat.php?type=ddg&id=64225607
322R,0.106,http://protein.org.cn/jobstat.php?type=ddg&id=37077873
323F,-0.348,http://protein.org.cn/jobstat.php?type=ddg&id=20563460
323R,0.285,http://protein.org.cn/jobstat.php?type=ddg&id=48238603
324F,-0.6,http://protein.org.cn/jobstat.php?type=ddg&id=37070460
324R,-0.032,http://protein.org.cn/jobstat.php?type=ddg&id=21158033
325F,0.36,http://protein.org.cn/jobstat.php?type=ddg&id=76393151
325R,-0.715,http://protein.org.cn/jobstat.php?type=ddg&id=91482350
326F,-1.648,http://protein.org.cn/jobstat.php?type=ddg&id=16398103
326R,1.321,http://protein.org.cn/jobstat.php?type=ddg&id=48455229
327F,-1.355,http://protein.org.cn/jobstat.php?type=ddg&id=74439127
327R,1.052,http://protein.org.cn/jobstat.php?type=ddg&id=94106457
328F,-1.72,http://protein.org.cn/jobstat.php?type=ddg&id=10486249
328R,1.843,http://protein.org.cn/jobstat.php?type=ddg&id=17872972
329F,-0.908,http://protein.org.cn/jobstat.php?type=ddg&id=63075615
329R,-0.246,http://protein.org.cn/jobstat.php?type=ddg&id=56309546
330F,-0.762,http://protein.org.cn/jobstat.php?type=ddg&id=19401953
330R,0.498,http://protein.org.cn/jobstat.php?type=ddg&id=59006769
331F,-0.251,http://protein.org.cn/jobstat.php?type=ddg&id=90267026
331R,0.369,http://protein.org.cn/jobstat.php?type=ddg&id=63067551
332F,-0.557,http://protein.org.cn/jobstat.php?type=ddg&id=46949396
332R,-0.318,http://protein.org.cn/jobstat.php?type=ddg&id=43695087
333F,0.102,http://protein.org.cn/jobstat.php?type=ddg&id=50518411
333R,-0.168,http://protein.org.cn/jobstat.php?type=ddg&id=45323205
334F,-0.025,http://protein.org.cn/jobstat.php?type=ddg&id=15432451
334R,-0.085,http://protein.org.cn/jobstat.php?type=ddg&id=83495628
335F,-1.32,http://protein.org.cn/jobstat.php?type=ddg&id=37047377
335R,1.215,http://protein.org.cn/jobstat.php?type=ddg&id=51970455
336F,-0.666,http://protein.org.cn/jobstat.php?type=ddg&id=93408233
336R,-0.113,http://protein.org.cn/jobstat.php?type=ddg&id=89936288
337F,-0.931,http://protein.org.cn/jobstat.php?type=ddg&id=70328119
337R,0.174,http://protein.org.cn/jobstat.php?type=ddg&id=18132794
338F,-1.718,http://protein.org.cn/jobstat.php?type=ddg&id=45641515
338R,1.317,http://protein.org.cn/jobstat.php?type=ddg&id=38785083
339F,-3.716,http://protein.org.cn/jobstat.php?type=ddg&id=62984405
339R,3.139,http://protein.org.cn/jobstat.php?type=ddg&id=92623823
340F,-4.159,http://protein.org.cn/jobstat.php?type=ddg&id=20548380
340R,0.16,http://protein.org.cn/jobstat.php?type=ddg&id=98424473
341F,-2.965,http://protein.org.cn/jobstat.php?type=ddg&id=70176098
341R,1.578,http://protein.org.cn/jobstat.php?type=ddg&id=19183851
342F,-3.451,http://protein.org.cn/jobstat.php?type=ddg&id=86967428
342R,1.922,http://protein.org.cn/jobstat.php?type=ddg&id=96573255
263R_266F,0.957,http://protein.org.cn/jobstat.php?type=ddg&id=52748357
190R_189F,-3.475,http://protein.org.cn/jobstat.php?type=ddg&id=56673743
91R_88F,-0.96,http://protein.org.cn/jobstat.php?type=ddg&id=37426678
302R_293F,-1.222,http://protein.org.cn/jobstat.php?type=ddg&id=46732357
179R_175F,-0.782,http://protein.org.cn/jobstat.php?type=ddg&id=43364538
200R_203F,-0.326,http://protein.org.cn/jobstat.php?type=ddg&id=80057715
222R_218F,-0.244,http://protein.org.cn/jobstat.php?type=ddg&id=51505735
263R_256F,0.318,http://protein.org.cn/jobstat.php?type=ddg&id=56926051
283R_278F,-0.048,http://protein.org.cn/jobstat.php?type=ddg&id=82645453
119R_118F,0.252,http://protein.org.cn/jobstat.php?type=ddg&id=20282033
76R_77F,-0.301,http://protein.org.cn/jobstat.php?type=ddg&id=48841784
78R_77F,0.005,http://protein.org.cn/jobstat.php?type=ddg&id=61254048
168R_167F,-0.787,http://protein.org.cn/jobstat.php?type=ddg&id=44730810
89R_90F,-1.07,http://protein.org.cn/jobstat.php?type=ddg&id=89093301
295R_298F,-1.4,http://protein.org.cn/jobstat.php?type=ddg&id=70828936
261R_265F,0.864,http://protein.org.cn/jobstat.php?type=ddg&id=17815909
28R_29F,0.758,http://protein.org.cn/jobstat.php?type=ddg&id=81932271
32R_33F,1.33,http://protein.org.cn/jobstat.php?type=ddg&id=14395617
46R_47F,0.173,http://protein.org.cn/jobstat.php?type=ddg&id=55430938
92R_93F,-0.377,http://protein.org.cn/jobstat.php?type=ddg&id=69988113
164R_165F,0.671,http://protein.org.cn/jobstat.php?type=ddg&id=91312396
266R_261F,-1.703,http://protein.org.cn/jobstat.php?type=ddg&id=34338198
295R_297F,-0.54,http://protein.org.cn/jobstat.php?type=ddg&id=45110994
264R_261F,-0.695,http://protein.org.cn/jobstat.php?type=ddg&id=45631381
310R_308F,-0.436,http://protein.org.cn/jobstat.php?type=ddg&id=31459717
177R_178F,-0.118,http://protein.org.cn/jobstat.php?type=ddg&id=58832558
205R_199F,-0.243,http://protein.org.cn/jobstat.php?type=ddg&id=42375178
224R_221F,-0.03,http://protein.org.cn/jobstat.php?type=ddg&id=31878476
174R_178F,-0.138,http://protein.org.cn/jobstat.php?type=ddg&id=39021955
202R_199F,-0.106,http://protein.org.cn/jobstat.php?type=ddg&id=65045047
227R_221F,-0.094,http://protein.org.cn/jobstat.php?type=ddg&id=68027218
297R_299F,-0.188,http://protein.org.cn/jobstat.php?type=ddg&id=16201115
255R_264F,0.495,http://protein.org.cn/jobstat.php?type=ddg&id=59518376
166R_167F,1.09,http://protein.org.cn/jobstat.php?type=ddg&id=70468609
71R_78F,-1.375,http://protein.org.cn/jobstat.php?type=ddg&id=68370989
118R_121F,-1.325,http://protein.org.cn/jobstat.php?type=ddg&id=28707108
192R_193F,0.739,http://protein.org.cn/jobstat.php?type=ddg&id=96976500
43R_42F,-0.988,http://protein.org.cn/jobstat.php?type=ddg&id=60809872
316R_315F,0.385,http://protein.org.cn/jobstat.php?type=ddg&id=73219336
259R_265F,-0.665,http://protein.org.cn/jobstat.php?type=ddg&id=10883711
262R_258F,-2.756,http://protein.org.cn/jobstat.php?type=ddg&id=44572414
178R_175F,-1.482,http://protein.org.cn/jobstat.php?type=ddg&id=69576051
199R_203F,-0.554,http://protein.org.cn/jobstat.php?type=ddg&id=79837935
221R_218F,-0.29,http://protein.org.cn/jobstat.php?type=ddg&id=29021761
256R_258F,-2.634,http://protein.org.cn/jobstat.php?type=ddg&id=58976754
281R_278F,-0.145,http://protein.org.cn/jobstat.php?type=ddg&id=96742790
322R_323F,-0.423,http://protein.org.cn/jobstat.php?type=ddg&id=10485443
303R_302F,-0.573,http://protein.org.cn/jobstat.php?type=ddg&id=97409135
76R_74F,-1.118,http://protein.org.cn/jobstat.php?type=ddg&id=91785749
78R_74F,-0.849,http://protein.org.cn/jobstat.php?type=ddg&id=71429149
70R_76F,-0.233,http://protein.org.cn/jobstat.php?type=ddg&id=79403221
255R_261F,-0.088,http://protein.org.cn/jobstat.php?type=ddg&id=90746761
258R_259F,1.633,http://protein.org.cn/jobstat.php?type=ddg&id=46498162
75R_70F,0.005,http://protein.org.cn/jobstat.php?type=ddg&id=68558543
170R_167F,0.601,http://protein.org.cn/jobstat.php?type=ddg&id=73030378
3R_2F,-1.317,http://protein.org.cn/jobstat.php?type=ddg&id=43448591
88R_89F,-0.076,http://protein.org.cn/jobstat.php?type=ddg&id=83836193
72R_78F,-0.718,http://protein.org.cn/jobstat.php?type=ddg&id=26404565
177R_179F,-0.458,http://protein.org.cn/jobstat.php?type=ddg&id=65066561
205R_200F,-0.437,http://protein.org.cn/jobstat.php?type=ddg&id=35937096
262R_263F,-0.936,http://protein.org.cn/jobstat.php?type=ddg&id=43347931
256R_263F,-1.52,http://protein.org.cn/jobstat.php?type=ddg&id=48967778
305R_296F,0.006,http://protein.org.cn/jobstat.php?type=ddg&id=71572829
77R_71F,-0.197,http://protein.org.cn/jobstat.php?type=ddg&id=99454449
262R_260F,-1.609,http://protein.org.cn/jobstat.php?type=ddg&id=57641632
281R_284F,-0.028,http://protein.org.cn/jobstat.php?type=ddg&id=40194195
256R_260F,-1.369,http://protein.org.cn/jobstat.php?type=ddg&id=53674458
117R_119F,2.214,http://protein.org.cn/jobstat.php?type=ddg&id=61226270
263R_264F,0.563,http://protein.org.cn/jobstat.php?type=ddg&id=54840451
172R_171F,-0.341,http://protein.org.cn/jobstat.php?type=ddg&id=24615730
197R_196F,-0.184,http://protein.org.cn/jobstat.php?type=ddg&id=68801693
219R_217F,0.239,http://protein.org.cn/jobstat.php?type=ddg&id=74406253
198R_196F,-0.436,http://protein.org.cn/jobstat.php?type=ddg&id=68298938
220R_217F,-0.481,http://protein.org.cn/jobstat.php?type=ddg&id=79669730
260R_265F,0.431,http://protein.org.cn/jobstat.php?type=ddg&id=31174736
176R_175F,-0.926,http://protein.org.cn/jobstat.php?type=ddg&id=16968293
204R_203F,-0.214,http://protein.org.cn/jobstat.php?type=ddg&id=25208851
223R_218F,-0.089,http://protein.org.cn/jobstat.php?type=ddg&id=73191942
266R_255F,-2.06,http://protein.org.cn/jobstat.php?type=ddg&id=38416839
296R_303F,-0.34,http://protein.org.cn/jobstat.php?type=ddg&id=93094567
78R_75F,0.048,http://protein.org.cn/jobstat.php?type=ddg&id=29845384
259R_255F,-1.63,http://protein.org.cn/jobstat.php?type=ddg&id=87971345
89R_92F,-0.444,http://protein.org.cn/jobstat.php?type=ddg&id=23967381
254R_263F,-0.877,http://protein.org.cn/jobstat.php?type=ddg&id=42562661
261R_262F,0.585,http://protein.org.cn/jobstat.php?type=ddg&id=65760663
295R_304F,-0.558,http://protein.org.cn/jobstat.php?type=ddg&id=66782255
260R_262F,0.275,http://protein.org.cn/jobstat.php?type=ddg&id=40533472
75R_79F,-0.474,http://protein.org.cn/jobstat.php?type=ddg&id=84638616
260R_254F,-0.218,http://protein.org.cn/jobstat.php?type=ddg&id=62039788
80R_79F,-0.517,http://protein.org.cn/jobstat.php?type=ddg&id=85155687
91R_90F,-1.537,http://protein.org.cn/jobstat.php?type=ddg&id=31504114
293R_296F,0.44,http://protein.org.cn/jobstat.php?type=ddg&id=34455102
79R_70F,0.053,http://protein.org.cn/jobstat.php?type=ddg&id=78360428
160R_157F,2.185,http://protein.org.cn/jobstat.php?type=ddg&id=61656581
206R_198F,0.028,http://protein.org.cn/jobstat.php?type=ddg&id=73210421
80R_70F,0.27,http://protein.org.cn/jobstat.php?type=ddg&id=64697262
282R_280F,0.665,http://protein.org.cn/jobstat.php?type=ddg&id=55283041
121R_119F,0.641,http://protein.org.cn/jobstat.php?type=ddg&id=76618703
1R_2F,0.628,http://protein.org.cn/jobstat.php?type=ddg&id=36425941
294R_298F,-1.327,http://protein.org.cn/jobstat.php?type=ddg&id=46028537
172R_179F,-0.205,http://protein.org.cn/jobstat.php?type=ddg&id=86044030
197R_200F,-0.493,http://protein.org.cn/jobstat.php?type=ddg&id=83055370
219R_222F,0.519,http://protein.org.cn/jobstat.php?type=ddg&id=16880303
279R_283F,0.448,http://protein.org.cn/jobstat.php?type=ddg&id=54885857
113R_114F,-2.448,http://protein.org.cn/jobstat.php?type=ddg&id=62747232
260R_266F,-0.034,http://protein.org.cn/jobstat.php?type=ddg&id=58178528
45R_46F,-0.296,http://protein.org.cn/jobstat.php?type=ddg&id=78629657
162R_164F,-2.129,http://protein.org.cn/jobstat.php?type=ddg&id=27402159
294R_304F,-0.719,http://protein.org.cn/jobstat.php?type=ddg&id=93353223
254R_258F,-2.2,http://protein.org.cn/jobstat.php?type=ddg&id=24782465
172R_174F,0.087,http://protein.org.cn/jobstat.php?type=ddg&id=30262417
197R_202F,-0.175,http://protein.org.cn/jobstat.php?type=ddg&id=53326437
219R_227F,0.638,http://protein.org.cn/jobstat.php?type=ddg&id=33185137
198R_202F,-0.281,http://protein.org.cn/jobstat.php?type=ddg&id=65236834
220R_227F,-0.129,http://protein.org.cn/jobstat.php?type=ddg&id=43719795
168R_170F,-1.627,http://protein.org.cn/jobstat.php?type=ddg&id=28476365
259R_257F,-1.195,http://protein.org.cn/jobstat.php?type=ddg&id=21156444
301R_293F,-0.996,http://protein.org.cn/jobstat.php?type=ddg&id=96417252
73R_77F,-0.323,http://protein.org.cn/jobstat.php?type=ddg&id=48122180
264R_255F,-1.819,http://protein.org.cn/jobstat.php?type=ddg&id=74731125
302R_303F,-0.596,http://protein.org.cn/jobstat.php?type=ddg&id=91269704
71R_72F,-0.074,http://protein.org.cn/jobstat.php?type=ddg&id=32344856
244R_241F,-1.071,http://protein.org.cn/jobstat.php?type=ddg&id=31136899
284R_281F,-0.064,http://protein.org.cn/jobstat.php?type=ddg&id=45477445
119R_120F,-1.092,http://protein.org.cn/jobstat.php?type=ddg&id=17488419
73R_75F,-0.098,http://protein.org.cn/jobstat.php?type=ddg&id=89197693
90R_89F,0.775,http://protein.org.cn/jobstat.php?type=ddg&id=14982824
174R_180F,-0.475,http://protein.org.cn/jobstat.php?type=ddg&id=76668452
202R_201F,-0.167,http://protein.org.cn/jobstat.php?type=ddg&id=38008597
180R_177F,-0.086,http://protein.org.cn/jobstat.php?type=ddg&id=11249449
70R_74F,-1.168,http://protein.org.cn/jobstat.php?type=ddg&id=61848712
201R_205F,0.039,http://protein.org.cn/jobstat.php?type=ddg&id=46678298
225R_224F,-0.073,http://protein.org.cn/jobstat.php?type=ddg&id=51523842
227R_225F,-0.195,http://protein.org.cn/jobstat.php?type=ddg&id=74190045
172R_176F,-0.09,http://protein.org.cn/jobstat.php?type=ddg&id=10668464
197R_204F,-0.083,http://protein.org.cn/jobstat.php?type=ddg&id=43451481
219R_223F,0.486,http://protein.org.cn/jobstat.php?type=ddg&id=74853707
198R_204F,-0.144,http://protein.org.cn/jobstat.php?type=ddg&id=23808639
74R_79F,0.248,http://protein.org.cn/jobstat.php?type=ddg&id=15730351
220R_223F,-0.224,http://protein.org.cn/jobstat.php?type=ddg&id=16202202
171R_176F,-0.287,http://protein.org.cn/jobstat.php?type=ddg&id=49620079
196R_204F,0.015,http://protein.org.cn/jobstat.php?type=ddg&id=24168607
217R_223F,-0.102,http://protein.org.cn/jobstat.php?type=ddg&id=59720589
258R_266F,1.793,http://protein.org.cn/jobstat.php?type=ddg&id=46638126
171R_175F,-0.405,http://protein.org.cn/jobstat.php?type=ddg&id=85176813
196R_203F,-0.248,http://protein.org.cn/jobstat.php?type=ddg&id=19189338
217R_218F,-0.178,http://protein.org.cn/jobstat.php?type=ddg&id=91823725
323R_322F,-0.011,http://protein.org.cn/jobstat.php?type=ddg&id=31628424
193R_191F,-2.694,http://protein.org.cn/jobstat.php?type=ddg&id=81963942
209R_208F,-1.316,http://protein.org.cn/jobstat.php?type=ddg&id=94944739
198R_200F,-0.516,http://protein.org.cn/jobstat.php?type=ddg&id=30961058
216R_215F,-1.533,http://protein.org.cn/jobstat.php?type=ddg&id=20995067
220R_222F,-0.046,http://protein.org.cn/jobstat.php?type=ddg&id=47850452
261R_257F,-1.143,http://protein.org.cn/jobstat.php?type=ddg&id=81324836
37R_38F,0.024,http://protein.org.cn/jobstat.php?type=ddg&id=42455742
156R_155F,-0.858,http://protein.org.cn/jobstat.php?type=ddg&id=20849142
177R_173F,-0.563,http://protein.org.cn/jobstat.php?type=ddg&id=64812074
157R_155F,-3.304,http://protein.org.cn/jobstat.php?type=ddg&id=61342997
205R_206F,-0.163,http://protein.org.cn/jobstat.php?type=ddg&id=27307009
235R_237F,-1.374,http://protein.org.cn/jobstat.php?type=ddg&id=83785518
116R_114F,-1.091,http://protein.org.cn/jobstat.php?type=ddg&id=70245828
311R_310F,-0.275,http://protein.org.cn/jobstat.php?type=ddg&id=62783065
174R_177F,-0.027,http://protein.org.cn/jobstat.php?type=ddg&id=28539829
202R_205F,0.053,http://protein.org.cn/jobstat.php?type=ddg&id=18151781
227R_224F,-0.07,http://protein.org.cn/jobstat.php?type=ddg&id=93058266
265R_262F,-0.205,http://protein.org.cn/jobstat.php?type=ddg&id=76857632
175R_178F,0.001,http://protein.org.cn/jobstat.php?type=ddg&id=11150947
203R_199F,-0.058,http://protein.org.cn/jobstat.php?type=ddg&id=30588927
71R_80F,-0.585,http://protein.org.cn/jobstat.php?type=ddg&id=92029014
53R_54F,1.758,http://protein.org.cn/jobstat.php?type=ddg&id=61883061
91R_92F,-0.491,http://protein.org.cn/jobstat.php?type=ddg&id=90234965
218R_221F,0.213,http://protein.org.cn/jobstat.php?type=ddg&id=52347558
278R_281F,0.242,http://protein.org.cn/jobstat.php?type=ddg&id=91566616
263R_258F,-2.338,http://protein.org.cn/jobstat.php?type=ddg&id=15496406
265R_258F,-3.323,http://protein.org.cn/jobstat.php?type=ddg&id=91904725
174R_172F,-0.859,http://protein.org.cn/jobstat.php?type=ddg&id=39322443
202R_197F,-0.467,http://protein.org.cn/jobstat.php?type=ddg&id=67959431
227R_219F,-0.791,http://protein.org.cn/jobstat.php?type=ddg&id=15237036
300R_296F,0.036,http://protein.org.cn/jobstat.php?type=ddg&id=43557565
257R_265F,1.06,http://protein.org.cn/jobstat.php?type=ddg&id=74345417
258R_262F,1.526,http://protein.org.cn/jobstat.php?type=ddg&id=69173112
78R_76F,0.033,http://protein.org.cn/jobstat.php?type=ddg&id=88816091
258R_254F,0.194,http://protein.org.cn/jobstat.php?type=ddg&id=85964151
318R_319F,0.21,http://protein.org.cn/jobstat.php?type=ddg&id=92224285
89R_88F,-0.717,http://protein.org.cn/jobstat.php?type=ddg&id=63612363
177R_172F,-0.631,http://protein.org.cn/jobstat.php?type=ddg&id=82482306
205R_197F,-0.508,http://protein.org.cn/jobstat.php?type=ddg&id=97309121
224R_219F,-0.649,http://protein.org.cn/jobstat.php?type=ddg&id=55476560
89R_91F,-0.139,http://protein.org.cn/jobstat.php?type=ddg&id=14132655
135R_136F,-0.059,http://protein.org.cn/jobstat.php?type=ddg&id=17243675
304R_297F,-0.025,http://protein.org.cn/jobstat.php?type=ddg&id=88562539
308R_309F,-0.789,http://protein.org.cn/jobstat.php?type=ddg&id=51472629
72R_80F,-0.459,http://protein.org.cn/jobstat.php?type=ddg&id=60518801
120R_121F,-0.712,http://protein.org.cn/jobstat.php?type=ddg&id=70339981
174R_173F,-1.011,http://protein.org.cn/jobstat.php?type=ddg&id=70666109
202R_206F,-0.187,http://protein.org.cn/jobstat.php?type=ddg&id=77531560
173R_175F,-0.675,http://protein.org.cn/jobstat.php?type=ddg&id=89822201
206R_203F,-0.153,http://protein.org.cn/jobstat.php?type=ddg&id=78343714
70R_79F,-0.797,http://protein.org.cn/jobstat.php?type=ddg&id=54765834
2R_3F,0.341,http://protein.org.cn/jobstat.php?type=ddg&id=35165759
282R_278F,0.042,http://protein.org.cn/jobstat.php?type=ddg&id=91170409
303R_300F,-0.464,http://protein.org.cn/jobstat.php?type=ddg&id=11264058
180R_172F,-0.916,http://protein.org.cn/jobstat.php?type=ddg&id=87865302
201R_197F,-0.439,http://protein.org.cn/jobstat.php?type=ddg&id=98449001
225R_219F,-0.986,http://protein.org.cn/jobstat.php?type=ddg&id=91870669
309R_311F,-0.509,http://protein.org.cn/jobstat.php?type=ddg&id=51132193
263R_260F,-1.422,http://protein.org.cn/jobstat.php?type=ddg&id=81106425
169R_170F,-1.593,http://protein.org.cn/jobstat.php?type=ddg&id=77558842
303R_305F,-0.679,http://protein.org.cn/jobstat.php?type=ddg&id=84360605
74R_70F,0.964,http://protein.org.cn/jobstat.php?type=ddg&id=22815375
280R_283F,-0.144,http://protein.org.cn/jobstat.php?type=ddg&id=56876916
179R_178F,0.003,http://protein.org.cn/jobstat.php?type=ddg&id=31566208
200R_199F,-0.213,http://protein.org.cn/jobstat.php?type=ddg&id=68622752
222R_221F,-0.102,http://protein.org.cn/jobstat.php?type=ddg&id=24100021
283R_281F,0.04,http://protein.org.cn/jobstat.php?type=ddg&id=99937360
270R_269F,0.86,http://protein.org.cn/jobstat.php?type=ddg&id=60970132
258R_264F,1.228,http://protein.org.cn/jobstat.php?type=ddg&id=39797626
161R_165F,0.765,http://protein.org.cn/jobstat.php?type=ddg&id=84359808
88R_93F,0.183,http://protein.org.cn/jobstat.php?type=ddg&id=86933933
261R_259F,0.445,http://protein.org.cn/jobstat.php?type=ddg&id=36285614
256R_261F,-1.78,http://protein.org.cn/jobstat.php?type=ddg&id=77056983
293R_305F,0.173,http://protein.org.cn/jobstat.php?type=ddg&id=68061648
293R_301F,0.517,http://protein.org.cn/jobstat.php?type=ddg&id=62962888
297R_295F,-0.04,http://protein.org.cn/jobstat.php?type=ddg&id=73903353
268R_270F,-1.277,http://protein.org.cn/jobstat.php?type=ddg&id=73576484
299R_295F,-0.228,http://protein.org.cn/jobstat.php?type=ddg&id=99372129
75R_78F,-0.699,http://protein.org.cn/jobstat.php?type=ddg&id=33488527
1R_3F,1.051,http://protein.org.cn/jobstat.php?type=ddg&id=51559445
79R_78F,-0.744,http://protein.org.cn/jobstat.php?type=ddg&id=40524804
255R_262F,1.1,http://protein.org.cn/jobstat.php?type=ddg&id=40026894
80R_78F,-0.809,http://protein.org.cn/jobstat.php?type=ddg&id=20239101
77R_79F,-1.182,http://protein.org.cn/jobstat.php?type=ddg&id=12484233
304R_295F,-0.303,http://protein.org.cn/jobstat.php?type=ddg&id=21529376
224R_222F,-0.031,http://protein.org.cn/jobstat.php?type=ddg&id=97657351
26R_28F,-0.863,http://protein.org.cn/jobstat.php?type=ddg&id=24364546
262R_261F,-2.391,http://protein.org.cn/jobstat.php?type=ddg&id=31826166
155R_156F,-3.467,http://protein.org.cn/jobstat.php?type=ddg&id=80934646
284R_279F,-1.19,http://protein.org.cn/jobstat.php?type=ddg&id=85753725
156R_157F,2.271,http://protein.org.cn/jobstat.php?type=ddg&id=82587582
197R_198F,0.042,http://protein.org.cn/jobstat.php?type=ddg&id=81658452
219R_220F,0.903,http://protein.org.cn/jobstat.php?type=ddg&id=91096980
266R_265F,-0.664,http://protein.org.cn/jobstat.php?type=ddg&id=70397848
279R_280F,0.953,http://protein.org.cn/jobstat.php?type=ddg&id=59329979
254R_261F,-1.889,http://protein.org.cn/jobstat.php?type=ddg&id=85705160
325R_324F,-1.014,http://protein.org.cn/jobstat.php?type=ddg&id=37811236
258R_256F,0.965,http://protein.org.cn/jobstat.php?type=ddg&id=56708929
305R_301F,-0.299,http://protein.org.cn/jobstat.php?type=ddg&id=76264536
75R_73F,-0.035,http://protein.org.cn/jobstat.php?type=ddg&id=87874425
254R_256F,0.482,http://protein.org.cn/jobstat.php?type=ddg&id=78297306
260R_263F,-0.396,http://protein.org.cn/jobstat.php?type=ddg&id=68023943
71R_73F,-0.154,http://protein.org.cn/jobstat.php?type=ddg&id=50921043
266R_262F,-0.168,http://protein.org.cn/jobstat.php?type=ddg&id=67605534
264R_262F,0.334,http://protein.org.cn/jobstat.php?type=ddg&id=33596508
72R_71F,-0.135,http://protein.org.cn/jobstat.php?type=ddg&id=59860981
59R_58F,-1.122,http://protein.org.cn/jobstat.php?type=ddg&id=73974636
73R_71F,-0.119,http://protein.org.cn/jobstat.php?type=ddg&id=82669257
93R_88F,-0.713,http://protein.org.cn/jobstat.php?type=ddg&id=16333099
165R_161F,-1.717,http://protein.org.cn/jobstat.php?type=ddg&id=25293353
305R_293F,-0.799,http://protein.org.cn/jobstat.php?type=ddg&id=67282422
323R_321F,0.18,http://protein.org.cn/jobstat.php?type=ddg&id=11651975
255R_265F,1.581,http://protein.org.cn/jobstat.php?type=ddg&id=99649997
9R_10F,1.655,http://protein.org.cn/jobstat.php?type=ddg&id=58332564
12R_13F,1.671,http://protein.org.cn/jobstat.php?type=ddg&id=10624913
16R_17F,2.619,http://protein.org.cn/jobstat.php?type=ddg&id=78780614
35R_36F,-4.883,http://protein.org.cn/jobstat.php?type=ddg&id=29924214
74R_76F,0.544,http://protein.org.cn/jobstat.php?type=ddg&id=48145397
182R_183F,1.402,http://protein.org.cn/jobstat.php?type=ddg&id=44273969
188R_190F,0.711,http://protein.org.cn/jobstat.php?type=ddg&id=13285604
191R_193F,0.541,http://protein.org.cn/jobstat.php?type=ddg&id=38075707
208R_209F,0.5,http://protein.org.cn/jobstat.php?type=ddg&id=88885398
215R_216F,0.461,http://protein.org.cn/jobstat.php?type=ddg&id=68536343
262R_255F,-2.229,http://protein.org.cn/jobstat.php?type=ddg&id=47555081
256R_255F,-2.267,http://protein.org.cn/jobstat.php?type=ddg&id=40443879
257R_255F,-1.675,http://protein.org.cn/jobstat.php?type=ddg&id=77019620
180R_171F,-1.255,http://protein.org.cn/jobstat.php?type=ddg&id=53952957
201R_196F,-0.483,http://protein.org.cn/jobstat.php?type=ddg&id=30075753
225R_217F,-0.285,http://protein.org.cn/jobstat.php?type=ddg&id=11010576
296R_302F,-0.169,http://protein.org.cn/jobstat.php?type=ddg&id=16017758
121R_118F,0.838,http://protein.org.cn/jobstat.php?type=ddg&id=95217194
254R_264F,0.12,http://protein.org.cn/jobstat.php?type=ddg&id=77174023
311R_308F,-0.968,http://protein.org.cn/jobstat.php?type=ddg&id=75601230
259R_266F,-0.863,http://protein.org.cn/jobstat.php?type=ddg&id=19438133
260R_258F,-2.308,http://protein.org.cn/jobstat.php?type=ddg&id=53873636
236R_237F,-0.684,http://protein.org.cn/jobstat.php?type=ddg&id=59236446
265R_257F,-2.096,http://protein.org.cn/jobstat.php?type=ddg&id=23433408
175R_180F,-0.254,http://protein.org.cn/jobstat.php?type=ddg&id=51009667
177R_174F,-0.346,http://protein.org.cn/jobstat.php?type=ddg&id=51832397
203R_201F,-0.084,http://protein.org.cn/jobstat.php?type=ddg&id=16778850
205R_202F,-0.299,http://protein.org.cn/jobstat.php?type=ddg&id=27162658
218R_225F,0.154,http://protein.org.cn/jobstat.php?type=ddg&id=28311454
224R_227F,-0.091,http://protein.org.cn/jobstat.php?type=ddg&id=20104605
236R_235F,-0.125,http://protein.org.cn/jobstat.php?type=ddg&id=72365972
259R_262F,-0.455,http://protein.org.cn/jobstat.php?type=ddg&id=44896035
264R_265F,0.56,http://protein.org.cn/jobstat.php?type=ddg&id=79614133
308R_311F,-1.643,http://protein.org.cn/jobstat.php?type=ddg&id=51225691
174R_171F,-0.814,http://protein.org.cn/jobstat.php?type=ddg&id=60241711
202R_196F,-0.311,http://protein.org.cn/jobstat.php?type=ddg&id=12293871
227R_217F,-0.252,http://protein.org.cn/jobstat.php?type=ddg&id=40953333
79R_73F,-0.055,http://protein.org.cn/jobstat.php?type=ddg&id=29817904
282R_284F,0.201,http://protein.org.cn/jobstat.php?type=ddg&id=91494760
180R_179F,-0.809,http://protein.org.cn/jobstat.php?type=ddg&id=25702390
80R_73F,0.015,http://protein.org.cn/jobstat.php?type=ddg&id=10803345
201R_200F,-0.705,http://protein.org.cn/jobstat.php?type=ddg&id=12827783
90R_93F,0.536,http://protein.org.cn/jobstat.php?type=ddg&id=58415487
225R_222F,-0.055,http://protein.org.cn/jobstat.php?type=ddg&id=92496376
77R_70F,-0.217,http://protein.org.cn/jobstat.php?type=ddg&id=14826133
27R_29F,0.411,http://protein.org.cn/jobstat.php?type=ddg&id=44641221
163R_165F,-0.85,http://protein.org.cn/jobstat.php?type=ddg&id=27324078
263R_261F,-1.371,http://protein.org.cn/jobstat.php?type=ddg&id=97306741
283R_284F,0.067,http://protein.org.cn/jobstat.php?type=ddg&id=32900273
300R_305F,-0.255,http://protein.org.cn/jobstat.php?type=ddg&id=40576201
300R_301F,-0.181,http://protein.org.cn/jobstat.php?type=ddg&id=87019456
176R_178F,-0.2,http://protein.org.cn/jobstat.php?type=ddg&id=70502548
196R_198F,0.173,http://protein.org.cn/jobstat.php?type=ddg&id=64286248
204R_199F,-0.205,http://protein.org.cn/jobstat.php?type=ddg&id=79238802
180R_178F,-0.181,http://protein.org.cn/jobstat.php?type=ddg&id=57430866
201R_199F,-0.319,http://protein.org.cn/jobstat.php?type=ddg&id=32925096
179R_177F,0.022,http://protein.org.cn/jobstat.php?type=ddg&id=92474496
200R_205F,0.057,http://protein.org.cn/jobstat.php?type=ddg&id=63130272
217R_220F,0.281,http://protein.org.cn/jobstat.php?type=ddg&id=15224458
222R_224F,-0.107,http://protein.org.cn/jobstat.php?type=ddg&id=19340590
223R_221F,0.037,http://protein.org.cn/jobstat.php?type=ddg&id=92268899
225R_221F,-0.091,http://protein.org.cn/jobstat.php?type=ddg&id=31505167
295R_299F,-0.16,http://protein.org.cn/jobstat.php?type=ddg&id=12752170
241R_244F,-0.498,http://protein.org.cn/jobstat.php?type=ddg&id=71183986
177R_176F,-0.615,http://protein.org.cn/jobstat.php?type=ddg&id=10524409
205R_204F,-0.224,http://protein.org.cn/jobstat.php?type=ddg&id=17167455
224R_223F,-0.145,http://protein.org.cn/jobstat.php?type=ddg&id=30099738
261R_266F,0.131,http://protein.org.cn/jobstat.php?type=ddg&id=79432620
265R_259F,-0.089,http://protein.org.cn/jobstat.php?type=ddg&id=80152525
175R_177F,0.036,http://protein.org.cn/jobstat.php?type=ddg&id=94476741
192R_191F,-1.655,http://protein.org.cn/jobstat.php?type=ddg&id=17593056
203R_205F,0.065,http://protein.org.cn/jobstat.php?type=ddg&id=94875399
218R_224F,0.022,http://protein.org.cn/jobstat.php?type=ddg&id=42860782
259R_254F,-1.058,http://protein.org.cn/jobstat.php?type=ddg&id=27480199
174R_179F,-0.683,http://protein.org.cn/jobstat.php?type=ddg&id=26378827
202R_200F,-0.461,http://protein.org.cn/jobstat.php?type=ddg&id=26024796
227R_222F,-0.092,http://protein.org.cn/jobstat.php?type=ddg&id=19298028
175R_172F,-0.594,http://protein.org.cn/jobstat.php?type=ddg&id=78745640
203R_197F,-0.391,http://protein.org.cn/jobstat.php?type=ddg&id=90102933
218R_219F,-0.86,http://protein.org.cn/jobstat.php?type=ddg&id=52031315
278R_279F,-0.766,http://protein.org.cn/jobstat.php?type=ddg&id=82326339
71R_74F,-1.415,http://protein.org.cn/jobstat.php?type=ddg&id=52210263
118R_120F,-0.641,http://protein.org.cn/jobstat.php?type=ddg&id=64548919
150R_151F,0.505,http://protein.org.cn/jobstat.php?type=ddg&id=87307749
259R_256F,-0.582,http://protein.org.cn/jobstat.php?type=ddg&id=47940099
36R_35F,3.828,http://protein.org.cn/jobstat.php?type=ddg&id=85793629
73R_76F,-0.152,http://protein.org.cn/jobstat.php?type=ddg&id=27262322
257R_259F,0.563,http://protein.org.cn/jobstat.php?type=ddg&id=20893465
76R_70F,-0.022,http://protein.org.cn/jobstat.php?type=ddg&id=16888547
180R_176F,-1.134,http://protein.org.cn/jobstat.php?type=ddg&id=24042250
201R_204F,-0.229,http://protein.org.cn/jobstat.php?type=ddg&id=62737246
225R_223F,-0.184,http://protein.org.cn/jobstat.php?type=ddg&id=19542740
179R_180F,-0.334,http://protein.org.cn/jobstat.php?type=ddg&id=67703978
38R_37F,-1.345,http://protein.org.cn/jobstat.php?type=ddg&id=73921392
237R_235F,-0.616,http://protein.org.cn/jobstat.php?type=ddg&id=16925150
74R_78F,-0.356,http://protein.org.cn/jobstat.php?type=ddg&id=87773243
70R_78F,-1.132,http://protein.org.cn/jobstat.php?type=ddg&id=14750213
258R_263F,-0.552,http://protein.org.cn/jobstat.php?type=ddg&id=61682388
72R_73F,-0.07,http://protein.org.cn/jobstat.php?type=ddg&id=96267733
179R_173F,-0.794,http://protein.org.cn/jobstat.php?type=ddg&id=42123444
200R_206F,-0.183,http://protein.org.cn/jobstat.php?type=ddg&id=26185040
283R_282F,-0.296,http://protein.org.cn/jobstat.php?type=ddg&id=13965430
303R_296F,-0.274,http://protein.org.cn/jobstat.php?type=ddg&id=57011082
261R_254F,-0.43,http://protein.org.cn/jobstat.php?type=ddg&id=79572145
92R_88F,-0.742,http://protein.org.cn/jobstat.php?type=ddg&id=83687826
164R_161F,-0.534,http://protein.org.cn/jobstat.php?type=ddg&id=23866998
93R_90F,-1.091,http://protein.org.cn/jobstat.php?type=ddg&id=90256515
175R_173F,-0.439,http://protein.org.cn/jobstat.php?type=ddg&id=11335314
166R_170F,0.095,http://protein.org.cn/jobstat.php?type=ddg&id=22207264
203R_206F,-0.05,http://protein.org.cn/jobstat.php?type=ddg&id=23937647
255R_257F,0.199,http://protein.org.cn/jobstat.php?type=ddg&id=65168518
258R_260F,0.241,http://protein.org.cn/jobstat.php?type=ddg&id=50890206
278R_282F,-0.108,http://protein.org.cn/jobstat.php?type=ddg&id=79329646
77R_76F,-0.531,http://protein.org.cn/jobstat.php?type=ddg&id=61970816
221R_225F,-0.12,http://protein.org.cn/jobstat.php?type=ddg&id=41985935
177R_175F,-0.659,http://protein.org.cn/jobstat.php?type=ddg&id=70610521
118R_117F,-2.831,http://protein.org.cn/jobstat.php?type=ddg&id=91534104
205R_203F,-0.317,http://protein.org.cn/jobstat.php?type=ddg&id=61699919
174R_176F,-0.548,http://protein.org.cn/jobstat.php?type=ddg&id=68463329
202R_204F,-0.119,http://protein.org.cn/jobstat.php?type=ddg&id=82380009
224R_218F,-0.142,http://protein.org.cn/jobstat.php?type=ddg&id=62119256
227R_223F,-0.144,http://protein.org.cn/jobstat.php?type=ddg&id=17047401
293R_303F,0.227,http://protein.org.cn/jobstat.php?type=ddg&id=24172553
71R_75F,-0.176,http://protein.org.cn/jobstat.php?type=ddg&id=62507737
3R_4F,-2.079,http://protein.org.cn/jobstat.php?type=ddg&id=97879209
1R_4F,-1.272,http://protein.org.cn/jobstat.php?type=ddg&id=84133295
120R_118F,0.729,http://protein.org.cn/jobstat.php?type=ddg&id=58932074
151R_150F,-1.127,http://protein.org.cn/jobstat.php?type=ddg&id=11093626
178R_180F,-0.514,http://protein.org.cn/jobstat.php?type=ddg&id=84337517
4R_3F,1.497,http://protein.org.cn/jobstat.php?type=ddg&id=49137310
199R_201F,-0.178,http://protein.org.cn/jobstat.php?type=ddg&id=13598868
76R_79F,-0.381,http://protein.org.cn/jobstat.php?type=ddg&id=64059614
180R_174F,-0.407,http://protein.org.cn/jobstat.php?type=ddg&id=36681767
201R_202F,-0.141,http://protein.org.cn/jobstat.php?type=ddg&id=51130793
78R_79F,-0.076,http://protein.org.cn/jobstat.php?type=ddg&id=37261365
225R_227F,-0.02,http://protein.org.cn/jobstat.php?type=ddg&id=76577336
261R_256F,0.338,http://protein.org.cn/jobstat.php?type=ddg&id=46452644
179R_172F,-0.508,http://protein.org.cn/jobstat.php?type=ddg&id=39611603
200R_197F,-0.342,http://protein.org.cn/jobstat.php?type=ddg&id=76575986
222R_219F,-0.828,http://protein.org.cn/jobstat.php?type=ddg&id=54935267
283R_279F,-0.667,http://protein.org.cn/jobstat.php?type=ddg&id=30303845
260R_256F,0.096,http://protein.org.cn/jobstat.php?type=ddg&id=22708866
266R_257F,-1.254,http://protein.org.cn/jobstat.php?type=ddg&id=27884554
255R_256F,1.001,http://protein.org.cn/jobstat.php?type=ddg&id=21327205
264R_257F,-0.499,http://protein.org.cn/jobstat.php?type=ddg&id=98875964
72R_77F,-0.327,http://protein.org.cn/jobstat.php?type=ddg&id=19652044
78R_70F,0.372,http://protein.org.cn/jobstat.php?type=ddg&id=54399077
170R_168F,1.33,http://protein.org.cn/jobstat.php?type=ddg&id=18304548
88R_90F,-0.563,http://protein.org.cn/jobstat.php?type=ddg&id=41664034
284R_283F,-0.175,http://protein.org.cn/jobstat.php?type=ddg&id=66194324
261R_264F,-0.815,http://protein.org.cn/jobstat.php?type=ddg&id=15720440
75R_72F,-0.062,http://protein.org.cn/jobstat.php?type=ddg&id=58417843
79R_72F,0.013,http://protein.org.cn/jobstat.php?type=ddg&id=23342932
80R_72F,0.201,http://protein.org.cn/jobstat.php?type=ddg&id=25149392
266R_259F,0.136,http://protein.org.cn/jobstat.php?type=ddg&id=91681642
264R_259F,0.59,http://protein.org.cn/jobstat.php?type=ddg&id=49444886
309R_308F,-0.236,http://protein.org.cn/jobstat.php?type=ddg&id=98988291
72R_75F,-0.029,http://protein.org.cn/jobstat.php?type=ddg&id=10007990
178R_177F,-0.135,http://protein.org.cn/jobstat.php?type=ddg&id=44308945
199R_205F,0.04,http://protein.org.cn/jobstat.php?type=ddg&id=30971953
221R_224F,-0.11,http://protein.org.cn/jobstat.php?type=ddg&id=26389324
176R_177F,-0.074,http://protein.org.cn/jobstat.php?type=ddg&id=86084195
204R_205F,0.041,http://protein.org.cn/jobstat.php?type=ddg&id=94599085
223R_224F,0.016,http://protein.org.cn/jobstat.php?type=ddg&id=89020822
88R_92F,0.047,http://protein.org.cn/jobstat.php?type=ddg&id=62355696
161R_164F,-1.396,http://protein.org.cn/jobstat.php?type=ddg&id=22680823
294R_299F,-0.349,http://protein.org.cn/jobstat.php?type=ddg&id=13791172
117R_121F,1.298,http://protein.org.cn/jobstat.php?type=ddg&id=21806089
2R_4F,-1.898,http://protein.org.cn/jobstat.php?type=ddg&id=44232398
133R_134F,-1.553,http://protein.org.cn/jobstat.php?type=ddg&id=36969734
143R_144F,-2.146,http://protein.org.cn/jobstat.php?type=ddg&id=38409010
172R_175F,-0.292,http://protein.org.cn/jobstat.php?type=ddg&id=65840453
197R_203F,-0.298,http://protein.org.cn/jobstat.php?type=ddg&id=85841351
219R_218F,0.324,http://protein.org.cn/jobstat.php?type=ddg&id=87034345
178R_172F,-1.162,http://protein.org.cn/jobstat.php?type=ddg&id=89516607
54R_53F,-2.229,http://protein.org.cn/jobstat.php?type=ddg&id=65649507
199R_197F,-0.574,http://protein.org.cn/jobstat.php?type=ddg&id=63206839
168R_166F,-3.855,http://protein.org.cn/jobstat.php?type=ddg&id=28772846
221R_219F,-1.222,http://protein.org.cn/jobstat.php?type=ddg&id=44697778
279R_278F,0.484,http://protein.org.cn/jobstat.php?type=ddg&id=87369342
281R_279F,-1.061,http://protein.org.cn/jobstat.php?type=ddg&id=49271591
189R_190F,0.417,http://protein.org.cn/jobstat.php?type=ddg&id=77781124
318R_320F,0.473,http://protein.org.cn/jobstat.php?type=ddg&id=40344341
254R_260F,-1.756,http://protein.org.cn/jobstat.php?type=ddg&id=94660704
260R_261F,-1.198,http://protein.org.cn/jobstat.php?type=ddg&id=16391120
72R_74F,-1.074,http://protein.org.cn/jobstat.php?type=ddg&id=68341570
168R_169F,0.088,http://protein.org.cn/jobstat.php?type=ddg&id=93451037
73R_74F,-1.348,http://protein.org.cn/jobstat.php?type=ddg&id=81846585
75R_80F,-0.386,http://protein.org.cn/jobstat.php?type=ddg&id=29534705
59R_60F,-0.982,http://protein.org.cn/jobstat.php?type=ddg&id=78145947
29R_28F,-1.524,http://protein.org.cn/jobstat.php?type=ddg&id=10701379
33R_32F,-1.749,http://protein.org.cn/jobstat.php?type=ddg&id=11131133
47R_46F,-0.36,http://protein.org.cn/jobstat.php?type=ddg&id=30797970
79R_80F,-0.212,http://protein.org.cn/jobstat.php?type=ddg&id=60548083
75R_71F,-0.096,http://protein.org.cn/jobstat.php?type=ddg&id=93775449
93R_92F,-0.397,http://protein.org.cn/jobstat.php?type=ddg&id=60614702
165R_164F,-2.523,http://protein.org.cn/jobstat.php?type=ddg&id=65068458
60R_58F,-0.478,http://protein.org.cn/jobstat.php?type=ddg&id=11836620
79R_71F,-0.02,http://protein.org.cn/jobstat.php?type=ddg&id=11812815
176R_180F,-0.585,http://protein.org.cn/jobstat.php?type=ddg&id=27681975
80R_71F,0.183,http://protein.org.cn/jobstat.php?type=ddg&id=20794603
204R_201F,-0.26,http://protein.org.cn/jobstat.php?type=ddg&id=12085543
223R_225F,0.001,http://protein.org.cn/jobstat.php?type=ddg&id=59383322
257R_266F,0.449,http://protein.org.cn/jobstat.php?type=ddg&id=46202091
77R_78F,-1.16,http://protein.org.cn/jobstat.php?type=ddg&id=58312476
263R_255F,-2.182,http://protein.org.cn/jobstat.php?type=ddg&id=32883425
262R_265F,-0.745,http://protein.org.cn/jobstat.php?type=ddg&id=58981170
178R_173F,-1.238,http://protein.org.cn/jobstat.php?type=ddg&id=82142241
199R_206F,-0.277,http://protein.org.cn/jobstat.php?type=ddg&id=71578217
256R_265F,-0.56,http://protein.org.cn/jobstat.php?type=ddg&id=44098605
176R_173F,-0.693,http://protein.org.cn/jobstat.php?type=ddg&id=47972979
204R_206F,-0.128,http://protein.org.cn/jobstat.php?type=ddg&id=88098407
281R_282F,-0.504,http://protein.org.cn/jobstat.php?type=ddg&id=35409641
180R_173F,-1.16,http://protein.org.cn/jobstat.php?type=ddg&id=33071591
201R_206F,-0.261,http://protein.org.cn/jobstat.php?type=ddg&id=21351514
26R_27F,-0.948,http://protein.org.cn/jobstat.php?type=ddg&id=55264141
162R_163F,0.472,http://protein.org.cn/jobstat.php?type=ddg&id=60594578
255R_259F,0.974,http://protein.org.cn/jobstat.php?type=ddg&id=22008382
296R_300F,-0.351,http://protein.org.cn/jobstat.php?type=ddg&id=23502632
173R_171F,-0.449,http://protein.org.cn/jobstat.php?type=ddg&id=76650820
169R_166F,-3.589,http://protein.org.cn/jobstat.php?type=ddg&id=62976220
206R_196F,-0.106,http://protein.org.cn/jobstat.php?type=ddg&id=18210386
313R_312F,-0.339,http://protein.org.cn/jobstat.php?type=ddg&id=83210702
121R_117F,-2.15,http://protein.org.cn/jobstat.php?type=ddg&id=46981064
92R_90F,-0.959,http://protein.org.cn/jobstat.php?type=ddg&id=93872917
304R_298F,-1.092,http://protein.org.cn/jobstat.php?type=ddg&id=35053305
279R_284F,1.002,http://protein.org.cn/jobstat.php?type=ddg&id=42253713
21R_22F,-0.595,http://protein.org.cn/jobstat.php?type=ddg&id=53312471
26R_29F,-1.024,http://protein.org.cn/jobstat.php?type=ddg&id=80546322
45R_47F,-0.517,http://protein.org.cn/jobstat.php?type=ddg&id=21728609
162R_165F,-0.324,http://protein.org.cn/jobstat.php?type=ddg&id=52698680
280R_284F,-0.012,http://protein.org.cn/jobstat.php?type=ddg&id=60001540
296R_305F,-0.552,http://protein.org.cn/jobstat.php?type=ddg&id=40265451
301R_302F,-0.107,http://protein.org.cn/jobstat.php?type=ddg&id=41284528
243R_241F,-0.569,http://protein.org.cn/jobstat.php?type=ddg&id=38385183
175R_171F,-0.504,http://protein.org.cn/jobstat.php?type=ddg&id=99537923
203R_196F,-0.208,http://protein.org.cn/jobstat.php?type=ddg&id=58054194
218R_217F,-0.083,http://protein.org.cn/jobstat.php?type=ddg&id=87199409
198R_203F,-0.445,http://protein.org.cn/jobstat.php?type=ddg&id=96789342
220R_218F,-0.345,http://protein.org.cn/jobstat.php?type=ddg&id=81635162
260R_264F,-0.734,http://protein.org.cn/jobstat.php?type=ddg&id=32907635
280R_278F,-0.11,http://protein.org.cn/jobstat.php?type=ddg&id=14774010
265R_266F,-0.391,http://protein.org.cn/jobstat.php?type=ddg&id=94903572
264R_258F,-3.026,http://protein.org.cn/jobstat.php?type=ddg&id=56886577
265R_256F,-0.169,http://protein.org.cn/jobstat.php?type=ddg&id=34301163
175R_176F,-0.346,http://protein.org.cn/jobstat.php?type=ddg&id=89880569
203R_204F,-0.041,http://protein.org.cn/jobstat.php?type=ddg&id=32035888
218R_223F,-0.024,http://protein.org.cn/jobstat.php?type=ddg&id=90186165
259R_258F,-2.747,http://protein.org.cn/jobstat.php?type=ddg&id=46766997
254R_265F,0.31,http://protein.org.cn/jobstat.php?type=ddg&id=88576298
256R_262F,-0.086,http://protein.org.cn/jobstat.php?type=ddg&id=77036873
71R_76F,-0.35,http://protein.org.cn/jobstat.php?type=ddg&id=67426856
257R_262F,0.896,http://protein.org.cn/jobstat.php?type=ddg&id=32568407
42R_43F,0.673,http://protein.org.cn/jobstat.php?type=ddg&id=31975414
175R_179F,-0.352,http://protein.org.cn/jobstat.php?type=ddg&id=99705487
203R_200F,-0.304,http://protein.org.cn/jobstat.php?type=ddg&id=57687105
218R_222F,0.088,http://protein.org.cn/jobstat.php?type=ddg&id=71898715
202R_198F,-0.09,http://protein.org.cn/jobstat.php?type=ddg&id=34136357
227R_220F,0.002,http://protein.org.cn/jobstat.php?type=ddg&id=50158604
257R_254F,-0.186,http://protein.org.cn/jobstat.php?type=ddg&id=93849947
278R_283F,0.009,http://protein.org.cn/jobstat.php?type=ddg&id=51521194
176R_172F,-0.93,http://protein.org.cn/jobstat.php?type=ddg&id=33525190
204R_197F,-0.469,http://protein.org.cn/jobstat.php?type=ddg&id=51284820
223R_219F,-0.775,http://protein.org.cn/jobstat.php?type=ddg&id=83720258
134R_133F,0.803,http://protein.org.cn/jobstat.php?type=ddg&id=91104484
144R_143F,1.592,http://protein.org.cn/jobstat.php?type=ddg&id=86808831
173R_178F,0.29,http://protein.org.cn/jobstat.php?type=ddg&id=24555282
222R_225F,-0.168,http://protein.org.cn/jobstat.php?type=ddg&id=95867710
71R_77F,-0.216,http://protein.org.cn/jobstat.php?type=ddg&id=43898910
200R_201F,-0.22,http://protein.org.cn/jobstat.php?type=ddg&id=10526375
305R_303F,-0.095,http://protein.org.cn/jobstat.php?type=ddg&id=23407876
295R_294F,-0.729,http://protein.org.cn/jobstat.php?type=ddg&id=59895679
169R_168F,-0.095,http://protein.org.cn/jobstat.php?type=ddg&id=71884059
206R_199F,0.048,http://protein.org.cn/jobstat.php?type=ddg&id=46894736
205R_198F,-0.137,http://protein.org.cn/jobstat.php?type=ddg&id=45792414
224R_220F,0.031,http://protein.org.cn/jobstat.php?type=ddg&id=42119256
282R_281F,0.538,http://protein.org.cn/jobstat.php?type=ddg&id=46988997
304R_299F,-0.248,http://protein.org.cn/jobstat.php?type=ddg&id=16071354
171R_180F,-0.083,http://protein.org.cn/jobstat.php?type=ddg&id=21585574
196R_201F,0.223,http://protein.org.cn/jobstat.php?type=ddg&id=45700899
217R_225F,0.177,http://protein.org.cn/jobstat.php?type=ddg&id=33888941
259R_263F,-1.651,http://protein.org.cn/jobstat.php?type=ddg&id=36475965
73R_79F,-0.48,http://protein.org.cn/jobstat.php?type=ddg&id=59752550
265R_254F,-0.655,http://protein.org.cn/jobstat.php?type=ddg&id=86427844
302R_300F,-0.66,http://protein.org.cn/jobstat.php?type=ddg&id=65297439
55R_56F,-1.781,http://protein.org.cn/jobstat.php?type=ddg&id=48716229
175R_174F,-0.207,http://protein.org.cn/jobstat.php?type=ddg&id=71420895
203R_202F,-0.191,http://protein.org.cn/jobstat.php?type=ddg&id=69192119
218R_227F,0.014,http://protein.org.cn/jobstat.php?type=ddg&id=53177177
60R_59F,-0.295,http://protein.org.cn/jobstat.php?type=ddg&id=28923168
167R_170F,-0.868,http://protein.org.cn/jobstat.php?type=ddg&id=99049250
259R_260F,-1.26,http://protein.org.cn/jobstat.php?type=ddg&id=74341432
91R_93F,-0.674,http://protein.org.cn/jobstat.php?type=ddg&id=44292862
302R_305F,-1.039,http://protein.org.cn/jobstat.php?type=ddg&id=31524612
73R_70F,-0.095,http://protein.org.cn/jobstat.php?type=ddg&id=42025694
201R_198F,-0.25,http://protein.org.cn/jobstat.php?type=ddg&id=43189473
225R_220F,-0.085,http://protein.org.cn/jobstat.php?type=ddg&id=69599339
179R_171F,-0.812,http://protein.org.cn/jobstat.php?type=ddg&id=98748433
200R_196F,-0.397,http://protein.org.cn/jobstat.php?type=ddg&id=32346149
193R_192F,-4.666,http://protein.org.cn/jobstat.php?type=ddg&id=14660989
222R_217F,-0.356,http://protein.org.cn/jobstat.php?type=ddg&id=46126192
300R_303F,-0.124,http://protein.org.cn/jobstat.php?type=ddg&id=63534768
321R_322F,-0.4,http://protein.org.cn/jobstat.php?type=ddg&id=52090028
74R_72F,0.567,http://protein.org.cn/jobstat.php?type=ddg&id=16168862
4R_2F,1.339,http://protein.org.cn/jobstat.php?type=ddg&id=61706445
70R_72F,-0.136,http://protein.org.cn/jobstat.php?type=ddg&id=21150327
258R_261F,0.48,http://protein.org.cn/jobstat.php?type=ddg&id=28164761
179R_176F,-0.517,http://protein.org.cn/jobstat.php?type=ddg&id=88995674
200R_204F,-0.051,http://protein.org.cn/jobstat.php?type=ddg&id=95100919
222R_223F,-0.18,http://protein.org.cn/jobstat.php?type=ddg&id=93788742
319R_318F,-1.081,http://protein.org.cn/jobstat.php?type=ddg&id=92887542
171R_177F,0.042,http://protein.org.cn/jobstat.php?type=ddg&id=28188398
196R_205F,0.189,http://protein.org.cn/jobstat.php?type=ddg&id=79723750
217R_224F,0.026,http://protein.org.cn/jobstat.php?type=ddg&id=76724379
76R_78F,-0.63,http://protein.org.cn/jobstat.php?type=ddg&id=27640232
235R_236F,-3.016,http://protein.org.cn/jobstat.php?type=ddg&id=31391709
261R_263F,-0.581,http://protein.org.cn/jobstat.php?type=ddg&id=56745229
255R_266F,1.063,http://protein.org.cn/jobstat.php?type=ddg&id=34307441
114R_113F,-0.546,http://protein.org.cn/jobstat.php?type=ddg&id=82330332
266R_254F,-0.956,http://protein.org.cn/jobstat.php?type=ddg&id=28925272
3R_1F,-1.918,http://protein.org.cn/jobstat.php?type=ddg&id=16283110
171R_172F,-0.338,http://protein.org.cn/jobstat.php?type=ddg&id=68951261
196R_197F,-0.25,http://protein.org.cn/jobstat.php?type=ddg&id=57439024
217R_219F,-0.641,http://protein.org.cn/jobstat.php?type=ddg&id=91705198
262R_257F,-1.564,http://protein.org.cn/jobstat.php?type=ddg&id=24682904
256R_257F,-1.358,http://protein.org.cn/jobstat.php?type=ddg&id=34625274
155R_160F,-2.334,http://protein.org.cn/jobstat.php?type=ddg&id=46588997
161R_162F,-0.203,http://protein.org.cn/jobstat.php?type=ddg&id=68566794
284R_282F,-0.291,http://protein.org.cn/jobstat.php?type=ddg&id=94875492
155R_157F,0.798,http://protein.org.cn/jobstat.php?type=ddg&id=32300511
263R_265F,0.313,http://protein.org.cn/jobstat.php?type=ddg&id=29701974
265R_264F,-1.131,http://protein.org.cn/jobstat.php?type=ddg&id=89576800
118R_119F,0.202,http://protein.org.cn/jobstat.php?type=ddg&id=42754227
284R_280F,-0.028,http://protein.org.cn/jobstat.php?type=ddg&id=98451506
178R_171F,-1.249,http://protein.org.cn/jobstat.php?type=ddg&id=20771594
120R_117F,-2.351,http://protein.org.cn/jobstat.php?type=ddg&id=52567674
142R_141F,-1.394,http://protein.org.cn/jobstat.php?type=ddg&id=84881705
176R_171F,-0.837,http://protein.org.cn/jobstat.php?type=ddg&id=35888444
199R_196F,-0.418,http://protein.org.cn/jobstat.php?type=ddg&id=62472107
204R_196F,-0.279,http://protein.org.cn/jobstat.php?type=ddg&id=88350213
221R_217F,-0.302,http://protein.org.cn/jobstat.php?type=ddg&id=97012458
223R_217F,-0.064,http://protein.org.cn/jobstat.php?type=ddg&id=66755384
309R_310F,0.04,http://protein.org.cn/jobstat.php?type=ddg&id=78213340
303R_301F,-0.574,http://protein.org.cn/jobstat.php?type=ddg&id=15472589
257R_256F,0.194,http://protein.org.cn/jobstat.php?type=ddg&id=36194397
90R_92F,0.158,http://protein.org.cn/jobstat.php?type=ddg&id=37853024
58R_60F,-0.302,http://protein.org.cn/jobstat.php?type=ddg&id=86054032
298R_304F,-0.432,http://protein.org.cn/jobstat.php?type=ddg&id=26008026
27R_28F,-1.72,http://protein.org.cn/jobstat.php?type=ddg&id=37368474
74R_80F,0.443,http://protein.org.cn/jobstat.php?type=ddg&id=31662164
163R_164F,-3.796,http://protein.org.cn/jobstat.php?type=ddg&id=26945258
70R_80F,-0.317,http://protein.org.cn/jobstat.php?type=ddg&id=51546365
2R_1F,-1.089,http://protein.org.cn/jobstat.php?type=ddg&id=34171955
263R_262F,0.419,http://protein.org.cn/jobstat.php?type=ddg&id=10334703
294R_295F,-0.544,http://protein.org.cn/jobstat.php?type=ddg&id=17087076
179R_174F,-0.174,http://protein.org.cn/jobstat.php?type=ddg&id=98233775
200R_202F,-0.17,http://protein.org.cn/jobstat.php?type=ddg&id=41082992
222R_227F,-0.014,http://protein.org.cn/jobstat.php?type=ddg&id=12898465
322R_321F,0.48,http://protein.org.cn/jobstat.php?type=ddg&id=56835534
261R_258F,-3.04,http://protein.org.cn/jobstat.php?type=ddg&id=16035210
264R_266F,1.161,http://protein.org.cn/jobstat.php?type=ddg&id=74749271
303R_293F,-0.834,http://protein.org.cn/jobstat.php?type=ddg&id=28756536
266R_256F,-0.475,http://protein.org.cn/jobstat.php?type=ddg&id=87539695
254R_257F,-1.713,http://protein.org.cn/jobstat.php?type=ddg&id=18893909
72R_76F,-0.105,http://protein.org.cn/jobstat.php?type=ddg&id=43453884
147R_148F,-0.601,http://protein.org.cn/jobstat.php?type=ddg&id=21150642
75R_77F,-0.298,http://protein.org.cn/jobstat.php?type=ddg&id=30905214
22R_21F,-1.649,http://protein.org.cn/jobstat.php?type=ddg&id=50458880
29R_26F,0.406,http://protein.org.cn/jobstat.php?type=ddg&id=25250607
47R_45F,-0.532,http://protein.org.cn/jobstat.php?type=ddg&id=86371799
79R_77F,-0.153,http://protein.org.cn/jobstat.php?type=ddg&id=96667685
80R_77F,0.231,http://protein.org.cn/jobstat.php?type=ddg&id=69531079
165R_162F,-2.194,http://protein.org.cn/jobstat.php?type=ddg&id=65100111
254R_255F,-2.774,http://protein.org.cn/jobstat.php?type=ddg&id=55751957
255R_254F,0.474,http://protein.org.cn/jobstat.php?type=ddg&id=90648190
269R_270F,-2.381,http://protein.org.cn/jobstat.php?type=ddg&id=13226168
297R_298F,-1.272,http://protein.org.cn/jobstat.php?type=ddg&id=23737756
299R_298F,-1.0,http://protein.org.cn/jobstat.php?type=ddg&id=16865716
178R_179F,-0.741,http://protein.org.cn/jobstat.php?type=ddg&id=72407307
199R_200F,-0.513,http://protein.org.cn/jobstat.php?type=ddg&id=84941162
221R_222F,-0.046,http://protein.org.cn/jobstat.php?type=ddg&id=68408669
281R_283F,-0.156,http://protein.org.cn/jobstat.php?type=ddg&id=42379074
88R_91F,0.145,http://protein.org.cn/jobstat.php?type=ddg&id=51429181
293R_302F,0.539,http://protein.org.cn/jobstat.php?type=ddg&id=43847126
308R_310F,-0.78,http://protein.org.cn/jobstat.php?type=ddg&id=42872751
299R_297F,-0.404,http://protein.org.cn/jobstat.php?type=ddg&id=15524824
173R_177F,0.07,http://protein.org.cn/jobstat.php?type=ddg&id=10733209
206R_205F,0.085,http://protein.org.cn/jobstat.php?type=ddg&id=82265289
297R_304F,-0.743,http://protein.org.cn/jobstat.php?type=ddg&id=24405301
77R_80F,-0.671,http://protein.org.cn/jobstat.php?type=ddg&id=12423076
299R_304F,-0.438,http://protein.org.cn/jobstat.php?type=ddg&id=71044902
178R_174F,-0.605,http://protein.org.cn/jobstat.php?type=ddg&id=13405408
199R_202F,-0.246,http://protein.org.cn/jobstat.php?type=ddg&id=92822841
221R_227F,-0.053,http://protein.org.cn/jobstat.php?type=ddg&id=89489378
117R_118F,2.268,http://protein.org.cn/jobstat.php?type=ddg&id=23708634
100R_99F,-1.168,http://protein.org.cn/jobstat.php?type=ddg&id=51937278
298R_297F,-0.034,http://protein.org.cn/jobstat.php?type=ddg&id=64151481
264R_254F,-0.762,http://protein.org.cn/jobstat.php?type=ddg&id=81638232
298R_295F,0.505,http://protein.org.cn/jobstat.php?type=ddg&id=67761894
261R_260F,-1.066,http://protein.org.cn/jobstat.php?type=ddg&id=90591333
259R_261F,-1.372,http://protein.org.cn/jobstat.php?type=ddg&id=22960567
93R_91F,-0.233,http://protein.org.cn/jobstat.php?type=ddg&id=25356137
305R_302F,-0.014,http://protein.org.cn/jobstat.php?type=ddg&id=14859629
75R_74F,-0.707,http://protein.org.cn/jobstat.php?type=ddg&id=29596872
90R_88F,-0.053,http://protein.org.cn/jobstat.php?type=ddg&id=62972914
79R_74F,-1.01,http://protein.org.cn/jobstat.php?type=ddg&id=53236700
93R_89F,-0.263,http://protein.org.cn/jobstat.php?type=ddg&id=60815888
80R_74F,-0.869,http://protein.org.cn/jobstat.php?type=ddg&id=31222324
91R_89F,-0.149,http://protein.org.cn/jobstat.php?type=ddg&id=95687400
136R_135F,0.018,http://protein.org.cn/jobstat.php?type=ddg&id=54379789
264R_256F,0.218,http://protein.org.cn/jobstat.php?type=ddg&id=59475271
77R_72F,-0.085,http://protein.org.cn/jobstat.php?type=ddg&id=69998701
237R_236F,-2.443,http://protein.org.cn/jobstat.php?type=ddg&id=74201880
262R_259F,0.266,http://protein.org.cn/jobstat.php?type=ddg&id=94572245
178R_176F,-1.099,http://protein.org.cn/jobstat.php?type=ddg&id=80907492
199R_204F,-0.199,http://protein.org.cn/jobstat.php?type=ddg&id=16789993
221R_223F,-0.205,http://protein.org.cn/jobstat.php?type=ddg&id=21808756
256R_259F,0.093,http://protein.org.cn/jobstat.php?type=ddg&id=84405857
173R_180F,0.0,http://protein.org.cn/jobstat.php?type=ddg&id=35566373
206R_201F,0.043,http://protein.org.cn/jobstat.php?type=ddg&id=95677000
176R_179F,-0.594,http://protein.org.cn/jobstat.php?type=ddg&id=52425354
204R_200F,-0.406,http://protein.org.cn/jobstat.php?type=ddg&id=58801445
223R_222F,0.025,http://protein.org.cn/jobstat.php?type=ddg&id=30141332
243R_244F,-0.339,http://protein.org.cn/jobstat.php?type=ddg&id=70096597
301R_300F,-0.414,http://protein.org.cn/jobstat.php?type=ddg&id=20562167
310R_309F,-0.449,http://protein.org.cn/jobstat.php?type=ddg&id=81999197
312R_313F,0.344,http://protein.org.cn/jobstat.php?type=ddg&id=53706008
294R_297F,-0.819,http://protein.org.cn/jobstat.php?type=ddg&id=89893432
92R_91F,-0.569,http://protein.org.cn/jobstat.php?type=ddg&id=15561656
172R_178F,0.341,http://protein.org.cn/jobstat.php?type=ddg&id=35822123
197R_199F,0.011,http://protein.org.cn/jobstat.php?type=ddg&id=84352617
203R_198F,0.011,http://protein.org.cn/jobstat.php?type=ddg&id=69258837
218R_220F,0.163,http://protein.org.cn/jobstat.php?type=ddg&id=88038590
219R_221F,1.1,http://protein.org.cn/jobstat.php?type=ddg&id=96338957
254R_259F,0.705,http://protein.org.cn/jobstat.php?type=ddg&id=17597484
266R_264F,-1.653,http://protein.org.cn/jobstat.php?type=ddg&id=55643227
278R_280F,0.153,http://protein.org.cn/jobstat.php?type=ddg&id=43829199
259R_264F,-1.668,http://protein.org.cn/jobstat.php?type=ddg&id=33913716
279R_281F,1.296,http://protein.org.cn/jobstat.php?type=ddg&id=94133631
79R_75F,-0.042,http://protein.org.cn/jobstat.php?type=ddg&id=22954027
10R_9F,-2.407,http://protein.org.cn/jobstat.php?type=ddg&id=81819082
13R_12F,-3.212,http://protein.org.cn/jobstat.php?type=ddg&id=99676387
17R_16F,-3.038,http://protein.org.cn/jobstat.php?type=ddg&id=42599504
80R_75F,0.02,http://protein.org.cn/jobstat.php?type=ddg&id=85625652
73R_78F,-0.951,http://protein.org.cn/jobstat.php?type=ddg&id=80674143
99R_100F,1.078,http://protein.org.cn/jobstat.php?type=ddg&id=69337233
74R_73F,0.851,http://protein.org.cn/jobstat.php?type=ddg&id=82507601
174R_175F,-0.844,http://protein.org.cn/jobstat.php?type=ddg&id=81778633
265R_260F,-2.149,http://protein.org.cn/jobstat.php?type=ddg&id=70327417
183R_182F,-1.822,http://protein.org.cn/jobstat.php?type=ddg&id=96390629
190R_188F,-1.728,http://protein.org.cn/jobstat.php?type=ddg&id=96305306
202R_203F,-0.298,http://protein.org.cn/jobstat.php?type=ddg&id=56787323
227R_218F,-0.166,http://protein.org.cn/jobstat.php?type=ddg&id=29104610
257R_263F,-0.353,http://protein.org.cn/jobstat.php?type=ddg&id=15736330
302R_296F,-0.308,http://protein.org.cn/jobstat.php?type=ddg&id=90511891
176R_174F,-0.415,http://protein.org.cn/jobstat.php?type=ddg&id=88380229
204R_202F,-0.3,http://protein.org.cn/jobstat.php?type=ddg&id=34229728
223R_227F,-0.008,http://protein.org.cn/jobstat.php?type=ddg&id=19556829
163R_161F,-2.693,http://protein.org.cn/jobstat.php?type=ddg&id=64219749
160R_156F,-2.711,http://protein.org.cn/jobstat.php?type=ddg&id=10420820
173R_172F,-0.42,http://protein.org.cn/jobstat.php?type=ddg&id=76797958
206R_197F,-0.332,http://protein.org.cn/jobstat.php?type=ddg&id=56245358
282R_279F,-0.374,http://protein.org.cn/jobstat.php?type=ddg&id=83349330
300R_293F,-0.962,http://protein.org.cn/jobstat.php?type=ddg&id=79930492
320R_318F,-0.539,http://protein.org.cn/jobstat.php?type=ddg&id=54271438
90R_91F,0.999,http://protein.org.cn/jobstat.php?type=ddg&id=17918995
28R_26F,1.311,http://protein.org.cn/jobstat.php?type=ddg&id=82728003
34R_36F,-3.436,http://protein.org.cn/jobstat.php?type=ddg&id=90967859
46R_45F,-0.248,http://protein.org.cn/jobstat.php?type=ddg&id=71319680
164R_162F,0.176,http://protein.org.cn/jobstat.php?type=ddg&id=14765870
241R_243F,-0.84,http://protein.org.cn/jobstat.php?type=ddg&id=34047742
304R_294F,-0.06,http://protein.org.cn/jobstat.php?type=ddg&id=24799935
265R_263F,-1.154,http://protein.org.cn/jobstat.php?type=ddg&id=96004766
177R_180F,-0.438,http://protein.org.cn/jobstat.php?type=ddg&id=55039840
205R_201F,-0.27,http://protein.org.cn/jobstat.php?type=ddg&id=10134121
224R_225F,-0.132,http://protein.org.cn/jobstat.php?type=ddg&id=76091882
311R_309F,0.095,http://protein.org.cn/jobstat.php?type=ddg&id=63445233
71R_79F,-0.672,http://protein.org.cn/jobstat.php?type=ddg&id=27178424
77R_73F,-0.317,http://protein.org.cn/jobstat.php?type=ddg&id=51599506
257R_258F,-3.145,http://protein.org.cn/jobstat.php?type=ddg&id=40375135
180R_175F,-1.419,http://protein.org.cn/jobstat.php?type=ddg&id=71931500
201R_203F,-0.518,http://protein.org.cn/jobstat.php?type=ddg&id=20596076
225R_218F,-0.255,http://protein.org.cn/jobstat.php?type=ddg&id=38077450
119R_121F,-0.915,http://protein.org.cn/jobstat.php?type=ddg&id=79737591
4R_1F,1.032,http://protein.org.cn/jobstat.php?type=ddg&id=97278265
263R_257F,-1.378,http://protein.org.cn/jobstat.php?type=ddg&id=72689672
298R_294F,-0.215,http://protein.org.cn/jobstat.php?type=ddg&id=60134035
27R_26F,1.985,http://protein.org.cn/jobstat.php?type=ddg&id=24826869
74R_77F,0.942,http://protein.org.cn/jobstat.php?type=ddg&id=95277958
163R_162F,-2.575,http://protein.org.cn/jobstat.php?type=ddg&id=61042568
70R_77F,-0.293,http://protein.org.cn/jobstat.php?type=ddg&id=45941734
