id,ddG_INPS3D,url
0,0.0749597,https://inpsmd.biocomp.unibo.it/inpsSuite/default/display_results.html?jobid=fc7eac7a-ae2b-44b8-aeb6-f7f9c189edea
1,-2.478215,https://inpsmd.biocomp.unibo.it/inpsSuite/default/display_results.html?jobid=81f92200-d3ca-4ba7-b5b6-319db2286e2d
2,-0.631077,https://inpsmd.biocomp.unibo.it/inpsSuite/default/display_results.html?jobid=c136b168-62f4-44cf-b3de-2666228f16be
3,-1.090075,https://inpsmd.biocomp.unibo.it/inpsSuite/default/display_results.html?jobid=5274d096-e50a-4497-8803-686e5192cc40
4,-0.5911555,https://inpsmd.biocomp.unibo.it/inpsSuite/default/display_results.html?jobid=b7df032a-5f08-4b6c-aa3a-bec10cef261d
5,-0.5329495,https://inpsmd.biocomp.unibo.it/inpsSuite/default/display_results.html?jobid=7e352ea6-22cf-4840-a313-b8c08a71820e
6,-0.2449435,https://inpsmd.biocomp.unibo.it/inpsSuite/default/display_results.html?jobid=c10bbdf6-6460-4b8b-a3ed-b6ff180403f9
7,-0.207979,https://inpsmd.biocomp.unibo.it/inpsSuite/default/display_results.html?jobid=efb48a83-ce47-42a8-a57c-11113b1cfb88
8,-0.9639555,https://inpsmd.biocomp.unibo.it/inpsSuite/default/display_results.html?jobid=9bdd7f93-2b4f-4a69-9e72-b8f583fa96c2
9,-0.08470205,https://inpsmd.biocomp.unibo.it/inpsSuite/default/display_results.html?jobid=be73619e-7c47-4962-83a1-4fd534f212b1
10,-2.593995,https://inpsmd.biocomp.unibo.it/inpsSuite/default/display_results.html?jobid=bf2c36fd-a0ba-47f0-ac75-ce0b86f2be47
11,-1.0747385,https://inpsmd.biocomp.unibo.it/inpsSuite/default/display_results.html?jobid=3c4fea48-ac26-43a2-b9d7-ebc88a3d687d
12,-0.936496,https://inpsmd.biocomp.unibo.it/inpsSuite/default/display_results.html?jobid=3d82e80a-4c6e-4be2-aeb7-098e693c3ecc
13,-0.296636,https://inpsmd.biocomp.unibo.it/inpsSuite/default/display_results.html?jobid=729e382f-fc39-4d5a-a434-6d4e32eddbe0
14,-2.09933,https://inpsmd.biocomp.unibo.it/inpsSuite/default/display_results.html?jobid=3ef85e7b-4f7b-443b-90ad-eba6e601ee06
15,-2.23395,https://inpsmd.biocomp.unibo.it/inpsSuite/default/display_results.html?jobid=055c1414-40b6-4c62-a68e-aa1bf4f01471
16,-0.6756985,https://inpsmd.biocomp.unibo.it/inpsSuite/default/display_results.html?jobid=9f8f0288-2a64-4cd5-98ab-a356a61b59fc
17,-0.7995605,https://inpsmd.biocomp.unibo.it/inpsSuite/default/display_results.html?jobid=a7439c9d-4880-4828-b6b9-fed3a3127708
18,-0.590474,https://inpsmd.biocomp.unibo.it/inpsSuite/default/display_results.html?jobid=122fe50e-8bde-485b-a323-ca2a5b7fe175
19,-1.1603485,https://inpsmd.biocomp.unibo.it/inpsSuite/default/display_results.html?jobid=099b3b27-e358-4bfe-9200-dfbb9837c0de
20,-2.59363,https://inpsmd.biocomp.unibo.it/inpsSuite/default/display_results.html?jobid=6798785e-9e38-4563-9a07-b504dcee8f95
21,-0.72723,https://inpsmd.biocomp.unibo.it/inpsSuite/default/display_results.html?jobid=ad97fb46-fe8e-4fa2-9a8d-dcd8b9a14486
22,-0.47778555,https://inpsmd.biocomp.unibo.it/inpsSuite/default/display_results.html?jobid=49858979-4fe6-469b-9257-a74eb84a6b44
23,-0.4983375,https://inpsmd.biocomp.unibo.it/inpsSuite/default/display_results.html?jobid=125efc9d-863a-4789-9f8d-268afaaec4f3
24,-0.861298,https://inpsmd.biocomp.unibo.it/inpsSuite/default/display_results.html?jobid=36d941ab-1ee7-425e-9837-44e7eb765973
25,-0.7877725,https://inpsmd.biocomp.unibo.it/inpsSuite/default/display_results.html?jobid=19729397-5e1b-4644-a674-407eb627fef3
26,-0.572154,https://inpsmd.biocomp.unibo.it/inpsSuite/default/display_results.html?jobid=9679b509-b411-4aa1-83d3-ccbf99d06720
27,-0.3711205,https://inpsmd.biocomp.unibo.it/inpsSuite/default/display_results.html?jobid=1dbb0fdb-56be-4728-9f68-422237a9a304
28,-1.236658,https://inpsmd.biocomp.unibo.it/inpsSuite/default/display_results.html?jobid=c3b7430f-05c2-49dc-946f-dbeed20fa2c0
29,-0.0995485,https://inpsmd.biocomp.unibo.it/inpsSuite/default/display_results.html?jobid=30ff2e4d-ed49-44b9-8757-92543a2f4e9b
30,-1.35546,https://inpsmd.biocomp.unibo.it/inpsSuite/default/display_results.html?jobid=8df8d2aa-5fa0-4688-b52e-5e4fcaa488ed
31,-2.664585,https://inpsmd.biocomp.unibo.it/inpsSuite/default/display_results.html?jobid=30af24ff-1768-4e1d-b2e4-d342b3c23f16
32,-0.44036545,https://inpsmd.biocomp.unibo.it/inpsSuite/default/display_results.html?jobid=fca7f852-3ee7-4ba3-8e45-af2a412133a9
33,-1.99218,https://inpsmd.biocomp.unibo.it/inpsSuite/default/display_results.html?jobid=a3e18104-6947-4243-8850-4131f95c93b9
34,-2.531875,https://inpsmd.biocomp.unibo.it/inpsSuite/default/display_results.html?jobid=099ed720-c694-4669-b36e-ad2d43fc82b2
35,-2.27943,https://inpsmd.biocomp.unibo.it/inpsSuite/default/display_results.html?jobid=561dff4e-6489-45ef-9810-f7323a59b9f1
36,-0.0479707,https://inpsmd.biocomp.unibo.it/inpsSuite/default/display_results.html?jobid=3397436c-29ea-4345-82aa-607c3b5f0703
37,-0.1378695,https://inpsmd.biocomp.unibo.it/inpsSuite/default/display_results.html?jobid=38bcdb9c-7d79-4e55-9c3e-d05a17d6b18d
38,0.299724,https://inpsmd.biocomp.unibo.it/inpsSuite/default/display_results.html?jobid=ff3e0851-94ba-4a88-b989-056ea22bd3ec
39,-2.802765,https://inpsmd.biocomp.unibo.it/inpsSuite/default/display_results.html?jobid=da453724-46f8-454d-82d5-08eb49582b73
40,-1.3648305,https://inpsmd.biocomp.unibo.it/inpsSuite/default/display_results.html?jobid=bb4f4be0-9af4-472f-9871-aafb95dcce21
41,-0.0552477,https://inpsmd.biocomp.unibo.it/inpsSuite/default/display_results.html?jobid=168e90bc-d13d-49a8-8eb1-5e4acb5b094b
42,-1.183895,https://inpsmd.biocomp.unibo.it/inpsSuite/default/display_results.html?jobid=be68048c-24ca-451d-b489-e879c698349d
43,-2.524435,https://inpsmd.biocomp.unibo.it/inpsSuite/default/display_results.html?jobid=789b2e29-d0bb-481d-976f-2f155334006e
44,0.4135015,https://inpsmd.biocomp.unibo.it/inpsSuite/default/display_results.html?jobid=64d887ae-ccf1-4686-a922-4c2e9f38cb7f
45,0.0996075,https://inpsmd.biocomp.unibo.it/inpsSuite/default/display_results.html?jobid=28509a29-18dd-4ad4-a447-ee3c35730619
46,-0.2860585,https://inpsmd.biocomp.unibo.it/inpsSuite/default/display_results.html?jobid=bd8391ac-4083-44c4-b08b-1e3018eaaa8b
47,-2.0136,https://inpsmd.biocomp.unibo.it/inpsSuite/default/display_results.html?jobid=3f4abd09-4b46-4481-bb5b-54e7cdb8ef92
48,-0.82461,https://inpsmd.biocomp.unibo.it/inpsSuite/default/display_results.html?jobid=eaf4d980-2fe8-440c-af75-665c198b5c57
49,0.32497,https://inpsmd.biocomp.unibo.it/inpsSuite/default/display_results.html?jobid=e38409f8-2bf5-4138-ad61-8763fb8f81b5
50,-0.927007,https://inpsmd.biocomp.unibo.it/inpsSuite/default/display_results.html?jobid=af99ae9e-c121-4f12-b542-01a9e8dfb9d7
51,-1.55697,https://inpsmd.biocomp.unibo.it/inpsSuite/default/display_results.html?jobid=9e7cc266-8c5a-4de1-b116-1f85ce4b301b
52,-2.08459,https://inpsmd.biocomp.unibo.it/inpsSuite/default/display_results.html?jobid=83856988-1190-4a81-8fc8-d8a464b74b17
53,-0.06583,https://inpsmd.biocomp.unibo.it/inpsSuite/default/display_results.html?jobid=244e3947-c312-4820-a5ff-7cb2d0fcc402
54,0.554854,https://inpsmd.biocomp.unibo.it/inpsSuite/default/display_results.html?jobid=776b0689-7ba1-4b44-a6fb-e22bda6dd2dd
55,0.103968,https://inpsmd.biocomp.unibo.it/inpsSuite/default/display_results.html?jobid=e62bb2f2-dfd4-4d19-96f2-3fe045798f65
56,-0.805832,https://inpsmd.biocomp.unibo.it/inpsSuite/default/display_results.html?jobid=ec610ce1-2254-4f1c-9e67-0cd22e996d20
57,-0.18960215,https://inpsmd.biocomp.unibo.it/inpsSuite/default/display_results.html?jobid=566392db-5c9f-40f6-8874-1108e95ba278
58,-0.4981075,https://inpsmd.biocomp.unibo.it/inpsSuite/default/display_results.html?jobid=60f375b3-d6ef-47d7-a2c0-6347d1319b3a
59,-1.57198,https://inpsmd.biocomp.unibo.it/inpsSuite/default/display_results.html?jobid=edd83d04-1cf4-470e-8c8e-1b2d0d219400
60,-1.106375,https://inpsmd.biocomp.unibo.it/inpsSuite/default/display_results.html?jobid=9edff4ac-a867-493d-9284-7fb6ab15119a
61,0.169866,https://inpsmd.biocomp.unibo.it/inpsSuite/default/display_results.html?jobid=078d1696-be2d-4cb0-aa12-49951688d527
62,-0.2992835,https://inpsmd.biocomp.unibo.it/inpsSuite/default/display_results.html?jobid=976c1012-3563-4a13-ab2b-24120ed4c252
63,-1.431855,https://inpsmd.biocomp.unibo.it/inpsSuite/default/display_results.html?jobid=87f5d021-7d26-468f-8ce7-3a665a5a491b
64,-0.12460905,https://inpsmd.biocomp.unibo.it/inpsSuite/default/display_results.html?jobid=a1a94cdd-5818-4e85-be5e-6f83d4ef9a82
65,-1.66036,https://inpsmd.biocomp.unibo.it/inpsSuite/default/display_results.html?jobid=3d396453-608f-4aeb-b5e9-ed371695590f
66,0.3060935,https://inpsmd.biocomp.unibo.it/inpsSuite/default/display_results.html?jobid=0d1efe7e-1f93-4bb9-9416-7165e70e6f8d
67,-2.342515,https://inpsmd.biocomp.unibo.it/inpsSuite/default/display_results.html?jobid=aeb8747e-fa1d-4477-8f78-50c58a884d2a
68,1.72163,https://inpsmd.biocomp.unibo.it/inpsSuite/default/display_results.html?jobid=c03bd37b-5e8e-4017-b71c-e9a59974b50a
69,-0.0924074,https://inpsmd.biocomp.unibo.it/inpsSuite/default/display_results.html?jobid=78d465b7-0315-4d7a-90d5-7949df21fecd
70,-1.037258,https://inpsmd.biocomp.unibo.it/inpsSuite/default/display_results.html?jobid=79752cc9-2c56-4b0b-8964-7da2290450c6
71,-3.71519,https://inpsmd.biocomp.unibo.it/inpsSuite/default/display_results.html?jobid=ddeb1193-2895-45a9-b6dd-61597344906a
72,-0.8756445,https://inpsmd.biocomp.unibo.it/inpsSuite/default/display_results.html?jobid=8e8d7d44-45e0-4b16-9d8c-d8a3a1d7ea6b
73,-1.188183,https://inpsmd.biocomp.unibo.it/inpsSuite/default/display_results.html?jobid=fab1ff12-81f3-4bd1-ae24-1189c2000a6e
74,0.043295,https://inpsmd.biocomp.unibo.it/inpsSuite/default/display_results.html?jobid=04b3a207-296d-45a3-94de-cd4c07daf543
75,-0.6234305,https://inpsmd.biocomp.unibo.it/inpsSuite/default/display_results.html?jobid=07ba81e1-897f-4c57-b1f5-4854eab7471d
76,-0.0198175,https://inpsmd.biocomp.unibo.it/inpsSuite/default/display_results.html?jobid=bbfc8b4a-6c11-4602-9c90-8fd95b04735a
77,-0.4189125,https://inpsmd.biocomp.unibo.it/inpsSuite/default/display_results.html?jobid=2c460a7c-2ea9-41ab-b100-ce68d0062fad
78,-0.1038269,https://inpsmd.biocomp.unibo.it/inpsSuite/default/display_results.html?jobid=e1ca27ac-222a-47b3-b98d-d7b9def96404
79,-2.423005,https://inpsmd.biocomp.unibo.it/inpsSuite/default/display_results.html?jobid=d46babd8-d640-4bbb-b08f-1f4ccd12127b
80,-0.5837675,https://inpsmd.biocomp.unibo.it/inpsSuite/default/display_results.html?jobid=2ce45ecf-21a7-4aae-9841-7552f99f24e6
81,-0.1357985,https://inpsmd.biocomp.unibo.it/inpsSuite/default/display_results.html?jobid=ee84f6c6-a738-4304-aea9-7063732e27d3
82,0.222828,https://inpsmd.biocomp.unibo.it/inpsSuite/default/display_results.html?jobid=dfbedda1-2c74-4d88-b4f8-5837e6c74545
83,-0.3410433,https://inpsmd.biocomp.unibo.it/inpsSuite/default/display_results.html?jobid=58ca05e1-a72a-4b6b-9459-6160cd54d677
84,-1.69337,https://inpsmd.biocomp.unibo.it/inpsSuite/default/display_results.html?jobid=60f41b80-683e-45c4-9f7f-d5a6d34159de
85,-2.825625,https://inpsmd.biocomp.unibo.it/inpsSuite/default/display_results.html?jobid=2ef76374-07f6-43e3-92ec-f925c0aaec10
86,-0.561497,https://inpsmd.biocomp.unibo.it/inpsSuite/default/display_results.html?jobid=52a0831e-19b1-4477-b0b2-d53131dca61a
87,-0.8885955,https://inpsmd.biocomp.unibo.it/inpsSuite/default/display_results.html?jobid=114b585d-3de6-4ffe-95f7-64a01332c3b1
88,-1.2233215,https://inpsmd.biocomp.unibo.it/inpsSuite/default/display_results.html?jobid=533fef40-54c8-4cd4-a493-d4a12e651d60
89,-1.70779,https://inpsmd.biocomp.unibo.it/inpsSuite/default/display_results.html?jobid=f10b6d60-c145-40a6-9822-487dda2686ad
90,-0.5952575,https://inpsmd.biocomp.unibo.it/inpsSuite/default/display_results.html?jobid=a574cfd6-5db1-4939-8618-4caf90bdc4eb
91,-2.692585,https://inpsmd.biocomp.unibo.it/inpsSuite/default/display_results.html?jobid=6166f576-8466-4863-bf9a-c3fe27a35876
92,0.2875365,https://inpsmd.biocomp.unibo.it/inpsSuite/default/display_results.html?jobid=263d5c53-4281-4ac8-9070-8863239fb6c4
93,-0.08390885,https://inpsmd.biocomp.unibo.it/inpsSuite/default/display_results.html?jobid=4d8f07bb-35e8-4e14-b51a-3aed0bcaa1c8
94,-1.273638,https://inpsmd.biocomp.unibo.it/inpsSuite/default/display_results.html?jobid=ce344e0d-d7ae-4cc8-961a-4ce2b6738b01
95,-0.591341,https://inpsmd.biocomp.unibo.it/inpsSuite/default/display_results.html?jobid=30e43336-daf6-4ae5-b3c0-1b40c6ed7d81
96,-1.2487825,https://inpsmd.biocomp.unibo.it/inpsSuite/default/display_results.html?jobid=54404eab-7620-47f6-abf5-d2951726c7ef
97,-2.808735,https://inpsmd.biocomp.unibo.it/inpsSuite/default/display_results.html?jobid=22a8516a-6348-456c-a3de-f8e2f3719840
98,-0.0044119,https://inpsmd.biocomp.unibo.it/inpsSuite/default/display_results.html?jobid=bc71c292-ea8b-48ea-894b-a4234a1ebfe1
99,0.0247345,https://inpsmd.biocomp.unibo.it/inpsSuite/default/display_results.html?jobid=59b4b7ec-912c-4881-a900-28170fb273e0
100,-1.2047965,https://inpsmd.biocomp.unibo.it/inpsSuite/default/display_results.html?jobid=5a26ebfa-28c0-4125-a2f1-1615d3dfca4c
101,-1.069241,https://inpsmd.biocomp.unibo.it/inpsSuite/default/display_results.html?jobid=a624bb28-6a7b-4f57-a352-6ee30b282e7c
102,-0.388348,https://inpsmd.biocomp.unibo.it/inpsSuite/default/display_results.html?jobid=9b61c9bd-8d06-4e17-a902-d3282f765d79
103,-0.636768,https://inpsmd.biocomp.unibo.it/inpsSuite/default/display_results.html?jobid=eb048d42-7348-4182-a78d-8a2736689e34
104,-1.3880855,https://inpsmd.biocomp.unibo.it/inpsSuite/default/display_results.html?jobid=1222abb4-9279-4767-90c8-15e9fb73e91b
105,-0.5340995,https://inpsmd.biocomp.unibo.it/inpsSuite/default/display_results.html?jobid=2fdbeff8-e9d8-4663-abc1-64c424a1b5dd
106,0.18247,https://inpsmd.biocomp.unibo.it/inpsSuite/default/display_results.html?jobid=645700e9-ddb4-4183-8aa5-689d67092d83
107,-2.20401,https://inpsmd.biocomp.unibo.it/inpsSuite/default/display_results.html?jobid=0235d20d-c49f-42c1-9a93-9e9eef58578c
108,-0.562425,https://inpsmd.biocomp.unibo.it/inpsSuite/default/display_results.html?jobid=09117b0c-6d54-4d16-9274-a5b40835551a
109,-2.823225,https://inpsmd.biocomp.unibo.it/inpsSuite/default/display_results.html?jobid=593f377d-bca2-44ae-a1c7-fb26f7979313
110,-0.697843,https://inpsmd.biocomp.unibo.it/inpsSuite/default/display_results.html?jobid=b683c9cd-c277-47b2-a48e-e651753b9fc9
111,0.498362,https://inpsmd.biocomp.unibo.it/inpsSuite/default/display_results.html?jobid=3d2eec48-e86d-463a-a6f9-409a456df382
112,-1.70329,https://inpsmd.biocomp.unibo.it/inpsSuite/default/display_results.html?jobid=3f421d91-3352-4866-a24b-0e741d47baa0
113,-0.8506275,https://inpsmd.biocomp.unibo.it/inpsSuite/default/display_results.html?jobid=5edca587-38bc-4156-b383-8f7ed09a9698
114,-2.453725,https://inpsmd.biocomp.unibo.it/inpsSuite/default/display_results.html?jobid=459132de-c265-45ef-85e1-0d89539e035c
115,-0.1220577,https://inpsmd.biocomp.unibo.it/inpsSuite/default/display_results.html?jobid=1e4c453d-b3ca-4ebe-848d-79f76f37a08a
116,-0.6624455,https://inpsmd.biocomp.unibo.it/inpsSuite/default/display_results.html?jobid=fec46438-ebb9-4fa4-8e7c-e76e432c28b9
117,0.020962,https://inpsmd.biocomp.unibo.it/inpsSuite/default/display_results.html?jobid=a2ba0ffc-893b-4982-8462-c75719b61f88
118,-0.5958155,https://inpsmd.biocomp.unibo.it/inpsSuite/default/display_results.html?jobid=672f5b15-4c37-4a39-83a8-4d8107372768
119,-0.5501565,https://inpsmd.biocomp.unibo.it/inpsSuite/default/display_results.html?jobid=45583c71-9028-4ec6-9aaa-210b1f7517d3
120,-0.448302,https://inpsmd.biocomp.unibo.it/inpsSuite/default/display_results.html?jobid=2e5d5dd9-5fba-4a1d-b8db-a0293184e07a
121,-0.37178305,https://inpsmd.biocomp.unibo.it/inpsSuite/default/display_results.html?jobid=f74d6200-25b6-4bca-8ca3-70627f4503ec
122,-0.3297645,https://inpsmd.biocomp.unibo.it/inpsSuite/default/display_results.html?jobid=185ff370-b84e-40c0-850d-4c52076dd5de
123,-2.322125,https://inpsmd.biocomp.unibo.it/inpsSuite/default/display_results.html?jobid=6c83d4b0-b99a-434d-af2d-30d959408c5a
124,-0.755716,https://inpsmd.biocomp.unibo.it/inpsSuite/default/display_results.html?jobid=e90d116e-aa28-4600-bd39-aef1ce30505b
125,0.15407,https://inpsmd.biocomp.unibo.it/inpsSuite/default/display_results.html?jobid=81a2de29-2570-4b10-a93d-36729abab636
126,0.000378,https://inpsmd.biocomp.unibo.it/inpsSuite/default/display_results.html?jobid=f2c66b98-cfd6-43e4-9a84-cea7e67aee99
127,-0.7930935,https://inpsmd.biocomp.unibo.it/inpsSuite/default/display_results.html?jobid=c2368d64-4a5b-4959-b55a-973864031ca6
128,-0.5721835,https://inpsmd.biocomp.unibo.it/inpsSuite/default/display_results.html?jobid=217b116e-9a40-44e9-80a2-c20fa4f3f8f0
129,-0.0210752,https://inpsmd.biocomp.unibo.it/inpsSuite/default/display_results.html?jobid=d2abef54-a306-4935-9c97-3f4da8ca1be9
130,-0.097051,https://inpsmd.biocomp.unibo.it/inpsSuite/default/display_results.html?jobid=c8bbcb1f-1465-4cf5-b1dc-73e653368685
131,-0.770736,https://inpsmd.biocomp.unibo.it/inpsSuite/default/display_results.html?jobid=6d79e295-b552-4a48-9392-db34f3c85b44
132,-0.27776555,https://inpsmd.biocomp.unibo.it/inpsSuite/default/display_results.html?jobid=a6033dd7-f2a0-4264-b702-d2af5cb60e96
133,-0.2825625,https://inpsmd.biocomp.unibo.it/inpsSuite/default/display_results.html?jobid=a2b5496c-8d51-4385-9085-45bc76312e28
134,-1.2128315,https://inpsmd.biocomp.unibo.it/inpsSuite/default/display_results.html?jobid=e7cdfd16-eb5f-46b6-9d27-e014f7e16f83
135,-0.418605,https://inpsmd.biocomp.unibo.it/inpsSuite/default/display_results.html?jobid=35780709-1465-473e-8f61-7a2777412e03
136,-0.5269065,https://inpsmd.biocomp.unibo.it/inpsSuite/default/display_results.html?jobid=016cb5fb-ca78-4328-83bc-78a48eb5a013
137,-0.9874245,https://inpsmd.biocomp.unibo.it/inpsSuite/default/display_results.html?jobid=c0abde20-559e-4634-bec3-c6f17053d98c
138,-0.704252,https://inpsmd.biocomp.unibo.it/inpsSuite/default/display_results.html?jobid=416fd7c6-19f8-408f-99d8-7a68800611d9
139,-0.147137,https://inpsmd.biocomp.unibo.it/inpsSuite/default/display_results.html?jobid=a7c362f7-01e1-40e3-9355-49569e16248a
140,-0.5539635,https://inpsmd.biocomp.unibo.it/inpsSuite/default/display_results.html?jobid=7c7fe346-3626-4aa2-8118-4930ce101a1c
141,-0.5433636,https://inpsmd.biocomp.unibo.it/inpsSuite/default/display_results.html?jobid=41189648-84a0-459c-806c-c550be12be08
142,-0.199681,https://inpsmd.biocomp.unibo.it/inpsSuite/default/display_results.html?jobid=ec4689f9-6e6a-4586-b11a-c49cabf632d2
143,-0.2438165,https://inpsmd.biocomp.unibo.it/inpsSuite/default/display_results.html?jobid=15563559-afaf-44d6-8b54-688babc71d6b
144,-0.094079,https://inpsmd.biocomp.unibo.it/inpsSuite/default/display_results.html?jobid=4fcf80be-a6de-4a5f-90ec-1ce677475935
145,0.1948683,https://inpsmd.biocomp.unibo.it/inpsSuite/default/display_results.html?jobid=4990f8bd-b6ad-4926-bcd1-e9710a6c27c3
146,-0.249921,https://inpsmd.biocomp.unibo.it/inpsSuite/default/display_results.html?jobid=a5dbbdef-cf8c-4767-863c-f7327994506b
147,-0.3910275,https://inpsmd.biocomp.unibo.it/inpsSuite/default/display_results.html?jobid=c82d0f86-78ae-4906-bb6f-16d1de3bc704
148,0.12843145,https://inpsmd.biocomp.unibo.it/inpsSuite/default/display_results.html?jobid=791afff2-2ead-4014-a84d-3883cc25b2f0
149,-0.441859,https://inpsmd.biocomp.unibo.it/inpsSuite/default/display_results.html?jobid=d0084113-5310-4790-aea9-4539211b5268
150,-1.679035,https://inpsmd.biocomp.unibo.it/inpsSuite/default/display_results.html?jobid=47100846-ba26-4f56-a315-29731135477a
151,-0.32902325,https://inpsmd.biocomp.unibo.it/inpsSuite/default/display_results.html?jobid=3f734d25-4b11-4b87-b55e-96bc0ca1d539
152,-2.02302,https://inpsmd.biocomp.unibo.it/inpsSuite/default/display_results.html?jobid=c30d4e58-11d3-49e2-8132-294770ca34b3
153,-0.669788,https://inpsmd.biocomp.unibo.it/inpsSuite/default/display_results.html?jobid=df296264-01f5-4b4f-9b0f-177c90c1845c
154,-1.0424275,https://inpsmd.biocomp.unibo.it/inpsSuite/default/display_results.html?jobid=9a3b2998-5ae4-4aef-a174-08f3e6f7f45a
155,0.30027965,https://inpsmd.biocomp.unibo.it/inpsSuite/default/display_results.html?jobid=903336ca-f66c-409a-8977-88ca20af513b
156,-0.2500845,https://inpsmd.biocomp.unibo.it/inpsSuite/default/display_results.html?jobid=29e4f5de-f0fa-479d-92f5-7348c1589be9
157,-2.71695,https://inpsmd.biocomp.unibo.it/inpsSuite/default/display_results.html?jobid=995d251f-1324-44df-91ad-6ff58cbf97b5
158,-1.2630365,https://inpsmd.biocomp.unibo.it/inpsSuite/default/display_results.html?jobid=0281f969-b133-47ea-8ee8-a9770074a874
159,-2.105265,https://inpsmd.biocomp.unibo.it/inpsSuite/default/display_results.html?jobid=148097a9-9e4a-4341-96b7-8c2bcba602e6
160,-0.52286025,https://inpsmd.biocomp.unibo.it/inpsSuite/default/display_results.html?jobid=de655f50-0204-445c-a60d-ccce4f278ac1
161,-1.056561,https://inpsmd.biocomp.unibo.it/inpsSuite/default/display_results.html?jobid=5c51edbd-a708-4002-b3f0-a2a6d79c6528
162,-0.4401765,https://inpsmd.biocomp.unibo.it/inpsSuite/default/display_results.html?jobid=e06ce78a-b3d9-43b2-95ac-dc48a9026708
163,-2.148035,https://inpsmd.biocomp.unibo.it/inpsSuite/default/display_results.html?jobid=86794433-0e2c-4c94-ab81-9dee2c511467
164,-3.034745,https://inpsmd.biocomp.unibo.it/inpsSuite/default/display_results.html?jobid=d594347c-7c00-435b-8e23-13cb5acbce62
165,-0.3733345,https://inpsmd.biocomp.unibo.it/inpsSuite/default/display_results.html?jobid=8379d4f8-2894-4cc5-a0e9-eb832e75039d
166,-0.799062,https://inpsmd.biocomp.unibo.it/inpsSuite/default/display_results.html?jobid=f294f481-b29e-474c-912a-e20c6cce86bb
167,-0.9906935,https://inpsmd.biocomp.unibo.it/inpsSuite/default/display_results.html?jobid=feb78914-ce2b-4855-8aa9-45cc3f4682d5
168,-0.109701,https://inpsmd.biocomp.unibo.it/inpsSuite/default/display_results.html?jobid=3272dfef-9300-4b68-be2e-25b3c45beff4
169,-2.920335,https://inpsmd.biocomp.unibo.it/inpsSuite/default/display_results.html?jobid=2b0440c6-a4de-4638-b0f2-74a61d1bb6a7
170,-3.194415,https://inpsmd.biocomp.unibo.it/inpsSuite/default/display_results.html?jobid=cc748432-6168-4674-afe2-bad2aa6b39e5
171,-0.8925775,https://inpsmd.biocomp.unibo.it/inpsSuite/default/display_results.html?jobid=49f8d9af-8692-45c5-8387-a1bb6ce92e42
172,-2.62756,https://inpsmd.biocomp.unibo.it/inpsSuite/default/display_results.html?jobid=37c15355-d44d-4d80-9cb6-1c25061c8df2
173,-1.048319,https://inpsmd.biocomp.unibo.it/inpsSuite/default/display_results.html?jobid=460344f8-9d00-44b8-8b96-bddaf68616ae
174,-0.682043,https://inpsmd.biocomp.unibo.it/inpsSuite/default/display_results.html?jobid=c6688fa3-97aa-4c0c-afcb-fa60d9373bb7
175,-0.0334378,https://inpsmd.biocomp.unibo.it/inpsSuite/default/display_results.html?jobid=d4a775c2-deb8-4ed4-803f-f425d12169ad
176,-0.168211,https://inpsmd.biocomp.unibo.it/inpsSuite/default/display_results.html?jobid=12627355-2228-4f56-8ada-0ffb10e36f86
177,0.1729391,https://inpsmd.biocomp.unibo.it/inpsSuite/default/display_results.html?jobid=b884c76c-6a5f-4946-a241-be29aa7e74e5
178,-0.5202415,https://inpsmd.biocomp.unibo.it/inpsSuite/default/display_results.html?jobid=1c6d84db-6027-46b8-bb36-b92676bf960c
179,0.43299805,https://inpsmd.biocomp.unibo.it/inpsSuite/default/display_results.html?jobid=a1adffa0-088b-4f47-9e41-88cfe86c79a4
180,-0.894758,https://inpsmd.biocomp.unibo.it/inpsSuite/default/display_results.html?jobid=85cefc35-91ec-4c2e-9b47-5b309e634cdc
181,-0.5691615,https://inpsmd.biocomp.unibo.it/inpsSuite/default/display_results.html?jobid=b91d5389-4ff1-49b9-9bfb-27a1348da9a3
182,-0.6637035,https://inpsmd.biocomp.unibo.it/inpsSuite/default/display_results.html?jobid=259fa7f4-e3d9-426d-ba89-218f75abbdab
183,-0.00512475,https://inpsmd.biocomp.unibo.it/inpsSuite/default/display_results.html?jobid=a54b4b04-aa6e-4389-b143-5820ad92cc14
184,-0.711894,https://inpsmd.biocomp.unibo.it/inpsSuite/default/display_results.html?jobid=f7c7fc73-8cb6-4d9f-a83d-b56299ac2755
185,-0.6122815,https://inpsmd.biocomp.unibo.it/inpsSuite/default/display_results.html?jobid=3a1907f7-7887-4ba1-92da-5ad032b0fb47
186,-1.132265,https://inpsmd.biocomp.unibo.it/inpsSuite/default/display_results.html?jobid=62e1da8b-7f31-47a2-b9ea-fa03eb66c0c4
187,-0.4888892,https://inpsmd.biocomp.unibo.it/inpsSuite/default/display_results.html?jobid=c07f9b15-b920-4a60-b34f-600d5dc62c00
188,-0.06365215,https://inpsmd.biocomp.unibo.it/inpsSuite/default/display_results.html?jobid=84e9fd57-bd93-4bfb-b2db-fcddce0b0e53
189,-0.332731,https://inpsmd.biocomp.unibo.it/inpsSuite/default/display_results.html?jobid=6631c472-f6e1-47b1-91dc-76e782478ad4
190,-0.1576935,https://inpsmd.biocomp.unibo.it/inpsSuite/default/display_results.html?jobid=be2c7128-51f8-4561-8c9b-07eb1a30b620
191,0.0463361,https://inpsmd.biocomp.unibo.it/inpsSuite/default/display_results.html?jobid=ba612d05-0d7b-4ca7-9fa1-df7458d6f3cf
192,-0.258177,https://inpsmd.biocomp.unibo.it/inpsSuite/default/display_results.html?jobid=55f7e4d4-1229-4287-869b-587d7dc98b50
193,0.827711,https://inpsmd.biocomp.unibo.it/inpsSuite/default/display_results.html?jobid=38e61689-3d38-4c0a-8780-a35bc77101ef
194,-0.0435482,https://inpsmd.biocomp.unibo.it/inpsSuite/default/display_results.html?jobid=8305b9e9-d4cc-40bd-827c-cceab5a2d0dd
195,-1.466215,https://inpsmd.biocomp.unibo.it/inpsSuite/default/display_results.html?jobid=4772aa0d-0203-4a95-bd8c-94a68266c6c9
196,-0.578794,https://inpsmd.biocomp.unibo.it/inpsSuite/default/display_results.html?jobid=44ac3f9a-ad07-4516-8236-3ced0bc0b7bd
197,-1.611693,https://inpsmd.biocomp.unibo.it/inpsSuite/default/display_results.html?jobid=0c7b98b8-4e86-4492-b158-06c9db5e4323
198,-0.1253405,https://inpsmd.biocomp.unibo.it/inpsSuite/default/display_results.html?jobid=135599e0-1c96-4c82-bbe7-1339a113fc50
199,-1.796224,https://inpsmd.biocomp.unibo.it/inpsSuite/default/display_results.html?jobid=81a8bb98-bfaa-4288-a888-09a79615baa5
200,1.72559,https://inpsmd.biocomp.unibo.it/inpsSuite/default/display_results.html?jobid=c673f810-e807-4176-8d3d-e759292c6ee7
201,-0.3191942,https://inpsmd.biocomp.unibo.it/inpsSuite/default/display_results.html?jobid=84f68efc-338b-4845-9094-8c70fba1d3f6
202,0.10354645,https://inpsmd.biocomp.unibo.it/inpsSuite/default/display_results.html?jobid=d32154f4-f8ea-45c9-976a-3f7f1eac1441
203,-0.6275795,https://inpsmd.biocomp.unibo.it/inpsSuite/default/display_results.html?jobid=d050da31-c243-4016-ab8f-d0daf637ba51
204,0.11561815,https://inpsmd.biocomp.unibo.it/inpsSuite/default/display_results.html?jobid=c00b9f64-9dbd-40eb-9421-448a1f47e048
205,-0.3771945,https://inpsmd.biocomp.unibo.it/inpsSuite/default/display_results.html?jobid=50188f19-888c-4b6a-a653-11b169adda95
206,-0.348259,https://inpsmd.biocomp.unibo.it/inpsSuite/default/display_results.html?jobid=af358245-25d7-4cbb-9f68-68c41d6607fc
207,-3.1971,https://inpsmd.biocomp.unibo.it/inpsSuite/default/display_results.html?jobid=56138ae8-af73-4243-b106-8a7883d7faf5
208,0.0304615,https://inpsmd.biocomp.unibo.it/inpsSuite/default/display_results.html?jobid=7df835bc-794f-4c34-8e64-1eef5a080b20
209,-0.672609,https://inpsmd.biocomp.unibo.it/inpsSuite/default/display_results.html?jobid=973b3388-cd2a-4e54-90eb-952f154a046f
210,-0.5618595,https://inpsmd.biocomp.unibo.it/inpsSuite/default/display_results.html?jobid=42b48390-51b9-4033-a627-0af121ea5c0f
211,0.4200635,https://inpsmd.biocomp.unibo.it/inpsSuite/default/display_results.html?jobid=d59a5df5-d46a-499c-8368-f20c54932775
212,-1.56029,https://inpsmd.biocomp.unibo.it/inpsSuite/default/display_results.html?jobid=ce0e4bdf-9e99-4909-aa1c-90d6658b29d9
213,-0.1237985,https://inpsmd.biocomp.unibo.it/inpsSuite/default/display_results.html?jobid=c7746198-02e1-4d4c-b937-9b24138eea49
214,-0.134410494,https://inpsmd.biocomp.unibo.it/inpsSuite/default/display_results.html?jobid=5a480794-f51e-40ef-9907-940e2fec4c24
215,-0.589305,https://inpsmd.biocomp.unibo.it/inpsSuite/default/display_results.html?jobid=f621abff-2062-4cc4-b5e3-3782e3cea917
216,-1.1224615,https://inpsmd.biocomp.unibo.it/inpsSuite/default/display_results.html?jobid=2796dc76-90f4-4e96-8709-531ebd003aa0
217,-0.7841365,https://inpsmd.biocomp.unibo.it/inpsSuite/default/display_results.html?jobid=236306fe-5c42-4650-a1a1-d4ae3dc9dc0e
218,-0.763176,https://inpsmd.biocomp.unibo.it/inpsSuite/default/display_results.html?jobid=804eb57b-732c-4c3e-9676-754111c65cf3
219,-0.50868955,https://inpsmd.biocomp.unibo.it/inpsSuite/default/display_results.html?jobid=68a4d7c4-6233-48e1-a6f1-d4bd7c2c7590
220,-0.01102085,https://inpsmd.biocomp.unibo.it/inpsSuite/default/display_results.html?jobid=1bc4882b-aed9-4c12-a32f-1b562f3a6e81
221,-0.00702365,https://inpsmd.biocomp.unibo.it/inpsSuite/default/display_results.html?jobid=8230d57b-ebcb-4c2e-ba6f-0abbf33abec6
222,0.248811,https://inpsmd.biocomp.unibo.it/inpsSuite/default/display_results.html?jobid=fdc9ed62-fa73-454b-ab0c-7dc349ea1522
223,-0.5990065,https://inpsmd.biocomp.unibo.it/inpsSuite/default/display_results.html?jobid=f1d80514-3831-4659-b1fd-6b849305d638
224,0.091355,https://inpsmd.biocomp.unibo.it/inpsSuite/default/display_results.html?jobid=d1975a54-fc1a-46a9-a0b1-52d709b92de6
225,-0.328615,https://inpsmd.biocomp.unibo.it/inpsSuite/default/display_results.html?jobid=84310a34-baed-4ad5-bb92-819b6ebfce22
226,-1.23819,https://inpsmd.biocomp.unibo.it/inpsSuite/default/display_results.html?jobid=5cc7a1c1-da3c-40ec-bfe7-6bbb3dada56a
227,-0.2954125,https://inpsmd.biocomp.unibo.it/inpsSuite/default/display_results.html?jobid=17526688-e6cd-4ec8-abe3-f2e2a291b655
228,0.26150495,https://inpsmd.biocomp.unibo.it/inpsSuite/default/display_results.html?jobid=6ab5f31c-17b4-4052-87b9-c1696f224f1e
229,-1.210905,https://inpsmd.biocomp.unibo.it/inpsSuite/default/display_results.html?jobid=1b593951-14f6-40ae-8a3d-6027f4cf65f1
230,-0.8351835,https://inpsmd.biocomp.unibo.it/inpsSuite/default/display_results.html?jobid=fb57ae1b-c8c8-404f-8c4a-c5b996dba713
231,-0.0056525,https://inpsmd.biocomp.unibo.it/inpsSuite/default/display_results.html?jobid=87f89646-71e6-4e1d-b2e2-ec37fce02f33
232,-1.33673,https://inpsmd.biocomp.unibo.it/inpsSuite/default/display_results.html?jobid=b67a4eb4-d1c7-4952-b13f-81819e247005
233,-0.228917,https://inpsmd.biocomp.unibo.it/inpsSuite/default/display_results.html?jobid=e5bc4f77-1f74-4d4c-8bfb-73ed59a24c86
234,-1.06192,https://inpsmd.biocomp.unibo.it/inpsSuite/default/display_results.html?jobid=c044f172-10d2-49e6-9b34-936e6e75bfd0
235,-0.262417,https://inpsmd.biocomp.unibo.it/inpsSuite/default/display_results.html?jobid=03ef2693-f060-4440-a466-cd5456da63f8
236,-0.10791355,https://inpsmd.biocomp.unibo.it/inpsSuite/default/display_results.html?jobid=da4e3957-268b-437c-b41c-ef681851e6c1
237,-0.7847065,https://inpsmd.biocomp.unibo.it/inpsSuite/default/display_results.html?jobid=51290174-cfae-432e-aa20-466df92fc6cf
238,0.2627275,https://inpsmd.biocomp.unibo.it/inpsSuite/default/display_results.html?jobid=924a889a-8a7a-4dff-a0e3-676cb4f944cc
239,-0.19879665,https://inpsmd.biocomp.unibo.it/inpsSuite/default/display_results.html?jobid=426265fe-f693-4a91-bbde-d2ab7e8fdce0
240,-1.68275,https://inpsmd.biocomp.unibo.it/inpsSuite/default/display_results.html?jobid=73c3d285-1f78-43fb-b4ac-c8c010424c47
241,-0.3357625,https://inpsmd.biocomp.unibo.it/inpsSuite/default/display_results.html?jobid=a7123046-1f26-439e-9acb-311044a9bda2
242,-0.926066,https://inpsmd.biocomp.unibo.it/inpsSuite/default/display_results.html?jobid=0397ac35-e985-467d-b0f4-577368736342
243,-0.2873925,https://inpsmd.biocomp.unibo.it/inpsSuite/default/display_results.html?jobid=a22f280e-16a5-4be4-852c-a2f1d7064a64
244,0.476636,https://inpsmd.biocomp.unibo.it/inpsSuite/default/display_results.html?jobid=7034e477-16f4-4972-8b19-f7280dfc3369
245,-1.423745,https://inpsmd.biocomp.unibo.it/inpsSuite/default/display_results.html?jobid=51a83931-f392-41cb-8e18-e620a8b18786
246,-0.2422045,https://inpsmd.biocomp.unibo.it/inpsSuite/default/display_results.html?jobid=31ad006f-612e-4f79-8216-eac919b0b315
247,-0.40014115,https://inpsmd.biocomp.unibo.it/inpsSuite/default/display_results.html?jobid=168d6019-86bc-41bc-a695-042c1d1b09e1
248,-2.277895,https://inpsmd.biocomp.unibo.it/inpsSuite/default/display_results.html?jobid=f2212aee-cce3-4f28-a654-eb04de571266
249,-0.38794,https://inpsmd.biocomp.unibo.it/inpsSuite/default/display_results.html?jobid=4c32f002-8f72-4237-a603-89bbd95ed946
250,-0.693215,https://inpsmd.biocomp.unibo.it/inpsSuite/default/display_results.html?jobid=01b13706-734a-478b-a073-62d3c626a19f
251,0.3197495,https://inpsmd.biocomp.unibo.it/inpsSuite/default/display_results.html?jobid=5487c462-1c1c-4f32-ac26-87ce66a4a92d
252,-0.49879,https://inpsmd.biocomp.unibo.it/inpsSuite/default/display_results.html?jobid=a05f2efc-2619-4671-a557-e8c81317589a
253,0.316931,https://inpsmd.biocomp.unibo.it/inpsSuite/default/display_results.html?jobid=c3255742-f627-4b42-83e6-9448656203db
254,-0.681313,https://inpsmd.biocomp.unibo.it/inpsSuite/default/display_results.html?jobid=292396fd-171d-488a-8c5c-0974deb34a94
255,-0.5573505,https://inpsmd.biocomp.unibo.it/inpsSuite/default/display_results.html?jobid=2733e144-1bb5-47c6-8ae0-58d0e9f77f00
256,0.05585965,https://inpsmd.biocomp.unibo.it/inpsSuite/default/display_results.html?jobid=cacdfd37-0ca3-4a32-b12c-d5d478d437b8
257,-1.9765,https://inpsmd.biocomp.unibo.it/inpsSuite/default/display_results.html?jobid=1bc7c231-3ffc-459f-84fa-1a9a71b39e92
258,-0.8765715,https://inpsmd.biocomp.unibo.it/inpsSuite/default/display_results.html?jobid=c9a7973f-89b0-483a-89e7-1957029985f4
259,-0.316435,https://inpsmd.biocomp.unibo.it/inpsSuite/default/display_results.html?jobid=9e14c687-f3eb-413f-96ba-df895f3fe8fa
260,-0.708676,https://inpsmd.biocomp.unibo.it/inpsSuite/default/display_results.html?jobid=f3ba205f-ee1a-49df-8db6-40e355572ed8
261,-1.6079,https://inpsmd.biocomp.unibo.it/inpsSuite/default/display_results.html?jobid=bd79bb50-a7cf-4098-a5dc-089f0fa22e35
262,-3.53351,https://inpsmd.biocomp.unibo.it/inpsSuite/default/display_results.html?jobid=d3fc611d-d31f-4261-9a12-661163d01b7d
263,2.726935,https://inpsmd.biocomp.unibo.it/inpsSuite/default/display_results.html?jobid=6c2805f8-d69c-47ad-ab18-461697f14005
264,0.315728,https://inpsmd.biocomp.unibo.it/inpsSuite/default/display_results.html?jobid=0042cd08-2a79-4087-82e1-de178e8c9619
265,-0.3387635,https://inpsmd.biocomp.unibo.it/inpsSuite/default/display_results.html?jobid=94684408-65e4-4e85-b8ee-3eacc75ea750
266,-2.206725,https://inpsmd.biocomp.unibo.it/inpsSuite/default/display_results.html?jobid=1f3bf8de-5381-400a-a911-28e0fc1e5dc7
267,0.471771,https://inpsmd.biocomp.unibo.it/inpsSuite/default/display_results.html?jobid=a32be504-5397-4d94-a507-8ef0012c617e
268,0.702063,https://inpsmd.biocomp.unibo.it/inpsSuite/default/display_results.html?jobid=e7b59835-c0ec-40a9-a152-7a5f033e829e
269,-0.617864,https://inpsmd.biocomp.unibo.it/inpsSuite/default/display_results.html?jobid=6ce94b6b-46a5-44ba-895b-9c0ad39153be
270,-0.0948635,https://inpsmd.biocomp.unibo.it/inpsSuite/default/display_results.html?jobid=9ca9b34b-b34d-4794-8917-2c50c4772cd5
271,0.0067908,https://inpsmd.biocomp.unibo.it/inpsSuite/default/display_results.html?jobid=d1ab019b-0029-4e5b-8ce4-691f8ed9366d
272,-0.22751955,https://inpsmd.biocomp.unibo.it/inpsSuite/default/display_results.html?jobid=754d8a82-2534-48b6-a7e4-a6149fc027c1
273,-0.1428845,https://inpsmd.biocomp.unibo.it/inpsSuite/default/display_results.html?jobid=f34db86e-adba-437f-9379-2d388cf3fb0b
274,-1.546505,https://inpsmd.biocomp.unibo.it/inpsSuite/default/display_results.html?jobid=b281ed60-cc33-4825-b033-ed19c5247b4f
275,-1.022903,https://inpsmd.biocomp.unibo.it/inpsSuite/default/display_results.html?jobid=6a4a9dcb-1a8e-4ec8-b7a5-b6fef480ee46
276,0.106101,https://inpsmd.biocomp.unibo.it/inpsSuite/default/display_results.html?jobid=35fc1ae0-e1b2-461a-bf53-e672a438f893
277,-0.735141,https://inpsmd.biocomp.unibo.it/inpsSuite/default/display_results.html?jobid=04fba35d-babb-4922-8884-c1a6016d0ac9
278,-3.273325,https://inpsmd.biocomp.unibo.it/inpsSuite/default/display_results.html?jobid=117e8e88-3af9-48bb-bf23-1a840c60b355
279,-0.098565,https://inpsmd.biocomp.unibo.it/inpsSuite/default/display_results.html?jobid=709827bc-1d51-450d-a33b-30b9a0d8b0db
280,0.00257525,https://inpsmd.biocomp.unibo.it/inpsSuite/default/display_results.html?jobid=726d6015-a83d-4c67-acdd-e554228a7a46
281,-0.479396,https://inpsmd.biocomp.unibo.it/inpsSuite/default/display_results.html?jobid=f52013aa-5fee-40d0-8f35-c1648480e271
282,-0.417705,https://inpsmd.biocomp.unibo.it/inpsSuite/default/display_results.html?jobid=934b496f-9038-45cc-bc6e-fb55a188292a
283,-0.533421,https://inpsmd.biocomp.unibo.it/inpsSuite/default/display_results.html?jobid=16b3e20f-6684-4489-abb9-52a542cbdc64
284,-0.280143,https://inpsmd.biocomp.unibo.it/inpsSuite/default/display_results.html?jobid=f7d338bb-e707-4f90-88ad-0022b1c0cdbf
285,-0.3546315,https://inpsmd.biocomp.unibo.it/inpsSuite/default/display_results.html?jobid=722224e6-3dc8-4917-bd32-9934953fa9e2
286,-0.05017665,https://inpsmd.biocomp.unibo.it/inpsSuite/default/display_results.html?jobid=e49b017c-218b-4c53-a4bf-25f36a7a08b7
287,-0.12981954,https://inpsmd.biocomp.unibo.it/inpsSuite/default/display_results.html?jobid=dac53eac-9912-4b08-b95f-6b335e8a2ee4
288,-0.6570095,https://inpsmd.biocomp.unibo.it/inpsSuite/default/display_results.html?jobid=faddf51a-9a75-4af8-8c40-ea1554b7a720
289,-0.8713945,https://inpsmd.biocomp.unibo.it/inpsSuite/default/display_results.html?jobid=7f7f7fe6-dee7-458b-87e3-42ac226672c2
290,-0.1108919,https://inpsmd.biocomp.unibo.it/inpsSuite/default/display_results.html?jobid=fb5bdd44-c47d-4901-ae19-9aa17a8cb57d
291,-1.252158,https://inpsmd.biocomp.unibo.it/inpsSuite/default/display_results.html?jobid=477e41e3-31f1-4ada-a92e-36cdae5c5ddf
292,0.17894,https://inpsmd.biocomp.unibo.it/inpsSuite/default/display_results.html?jobid=328cb063-65e5-476c-a2db-dc36a9fecf37
293,-0.870125,https://inpsmd.biocomp.unibo.it/inpsSuite/default/display_results.html?jobid=9aa126ee-3d6f-4272-bacb-7e47adb80889
294,0.11792915,https://inpsmd.biocomp.unibo.it/inpsSuite/default/display_results.html?jobid=2c19ff55-dbde-4421-9209-5a7708c3de4a
295,0.1887305,https://inpsmd.biocomp.unibo.it/inpsSuite/default/display_results.html?jobid=d07ab685-37e2-4a88-9db7-cc5a0b3a25c1
296,-0.21693975,https://inpsmd.biocomp.unibo.it/inpsSuite/default/display_results.html?jobid=f5d238e6-3b7b-4057-bb3c-3e2cb953189b
297,-2.09211,https://inpsmd.biocomp.unibo.it/inpsSuite/default/display_results.html?jobid=edf516cd-c552-4b09-9548-85f7be17ac12
298,-0.679351,https://inpsmd.biocomp.unibo.it/inpsSuite/default/display_results.html?jobid=e082262c-a483-48b9-a942-d6a3faf4c671
299,0.256164,https://inpsmd.biocomp.unibo.it/inpsSuite/default/display_results.html?jobid=a7b275a5-62fc-40b9-94d2-5b427f5947a7
300,-0.1794275,https://inpsmd.biocomp.unibo.it/inpsSuite/default/display_results.html?jobid=df0bba3f-3f09-4488-a220-a4c6c0e48d90
301,-0.6168255,https://inpsmd.biocomp.unibo.it/inpsSuite/default/display_results.html?jobid=689b112a-dfd0-460f-bc89-b3120e3b0e0e
302,-1.621945,https://inpsmd.biocomp.unibo.it/inpsSuite/default/display_results.html?jobid=1f0304d5-98a9-4a72-92b1-9557957f0506
303,-1.151835,https://inpsmd.biocomp.unibo.it/inpsSuite/default/display_results.html?jobid=466ceb79-318e-4036-8eed-c581fcb4187a
304,-0.6296295,https://inpsmd.biocomp.unibo.it/inpsSuite/default/display_results.html?jobid=4868efdf-26f3-44d9-8835-b4233150941c
305,-0.39009555,https://inpsmd.biocomp.unibo.it/inpsSuite/default/display_results.html?jobid=406ed38a-c6cc-4967-ad3c-0d3ec7ceb478
306,-0.25300989,https://inpsmd.biocomp.unibo.it/inpsSuite/default/display_results.html?jobid=ead19644-13d7-4447-a2b2-60ca054f16aa
307,0.215639,https://inpsmd.biocomp.unibo.it/inpsSuite/default/display_results.html?jobid=e6201062-0b62-4454-8655-e182620b77a6
308,-0.3560855,https://inpsmd.biocomp.unibo.it/inpsSuite/default/display_results.html?jobid=528a9796-c9c8-4bf0-b484-0566be2ac425
309,0.749392,https://inpsmd.biocomp.unibo.it/inpsSuite/default/display_results.html?jobid=bb4a3777-0928-4f93-9887-d30592c9ddab
310,-1.040272,https://inpsmd.biocomp.unibo.it/inpsSuite/default/display_results.html?jobid=a29ce352-ede3-4960-b4bf-1335173b515a
311,-0.839512,https://inpsmd.biocomp.unibo.it/inpsSuite/default/display_results.html?jobid=8c796357-fa00-4a89-942d-1aa1778d056d
312,-1.82379,https://inpsmd.biocomp.unibo.it/inpsSuite/default/display_results.html?jobid=52f9049d-c1d1-43d1-bea3-cb753022ec1f
313,0.2929995,https://inpsmd.biocomp.unibo.it/inpsSuite/default/display_results.html?jobid=9179e9a9-b5a4-4b34-9d98-5a5861d28d68
314,-0.0343775,https://inpsmd.biocomp.unibo.it/inpsSuite/default/display_results.html?jobid=e3800b5c-267d-49b7-9ca0-b7cb211a1caf
315,-0.544498,https://inpsmd.biocomp.unibo.it/inpsSuite/default/display_results.html?jobid=06fb651b-f9c5-4556-b811-d421bd665a48
316,-0.0561595,https://inpsmd.biocomp.unibo.it/inpsSuite/default/display_results.html?jobid=faba5266-9ea3-4c0a-9cff-3c838db33f40
317,-1.085331,https://inpsmd.biocomp.unibo.it/inpsSuite/default/display_results.html?jobid=5f9242c7-b14a-43e4-a1e0-94a0f23dccde
318,-0.208737,https://inpsmd.biocomp.unibo.it/inpsSuite/default/display_results.html?jobid=5ba23c13-b2b7-468e-a51b-237458e90eea
319,-0.36043965,https://inpsmd.biocomp.unibo.it/inpsSuite/default/display_results.html?jobid=310de868-2cd2-48e3-9a74-545cce094323
320,-1.055154,https://inpsmd.biocomp.unibo.it/inpsSuite/default/display_results.html?jobid=5e709661-b827-41c5-aead-112f179f00ef
321,-0.1906019,https://inpsmd.biocomp.unibo.it/inpsSuite/default/display_results.html?jobid=c2c144b6-15f7-4a09-af3c-c77e1551132a
322,-0.8454245,https://inpsmd.biocomp.unibo.it/inpsSuite/default/display_results.html?jobid=8a1da63b-25e8-400c-9894-beccc2b0baed
323,-2.486975,https://inpsmd.biocomp.unibo.it/inpsSuite/default/display_results.html?jobid=d3a77d2c-429c-407e-962d-472a3f88e7b4
324,-0.5810235,https://inpsmd.biocomp.unibo.it/inpsSuite/default/display_results.html?jobid=fedb2da8-e88b-4fc0-a4cd-d5ce4f7667f8
325,-1.037503,https://inpsmd.biocomp.unibo.it/inpsSuite/default/display_results.html?jobid=a85c67df-0269-4b6d-a236-7db8d4319054
326,-1.436655,https://inpsmd.biocomp.unibo.it/inpsSuite/default/display_results.html?jobid=e65253cf-b3b6-495f-8ff0-4b1162135926
327,-0.6545735,https://inpsmd.biocomp.unibo.it/inpsSuite/default/display_results.html?jobid=9dec253e-bfef-477a-b84a-5431cb1c74be
328,-0.738008,https://inpsmd.biocomp.unibo.it/inpsSuite/default/display_results.html?jobid=782010ad-b53d-4568-b77b-52f8dcafa73c
329,-0.384581,https://inpsmd.biocomp.unibo.it/inpsSuite/default/display_results.html?jobid=8a72d76d-8ce7-46a1-a5ae-e59c139755c3
330,0.05373895,https://inpsmd.biocomp.unibo.it/inpsSuite/default/display_results.html?jobid=5ee1d034-5fff-4467-a7b4-9f1c8f2f950f
331,0.1029945,https://inpsmd.biocomp.unibo.it/inpsSuite/default/display_results.html?jobid=aa15ad84-f22d-465d-8495-984392d619a1
332,-0.326017,https://inpsmd.biocomp.unibo.it/inpsSuite/default/display_results.html?jobid=3a6d9329-8d8e-40a9-9714-019ec72bdd3d
333,-0.153239705,https://inpsmd.biocomp.unibo.it/inpsSuite/default/display_results.html?jobid=cfcf6822-88d5-4843-a23e-c7dbd268fbd1
334,0.0048035,https://inpsmd.biocomp.unibo.it/inpsSuite/default/display_results.html?jobid=c373205c-c438-4e60-ac98-9a03f948a436
335,-0.913589,https://inpsmd.biocomp.unibo.it/inpsSuite/default/display_results.html?jobid=2abf52ca-f62a-430d-99e6-4100c54708dc
336,-3.282815,https://inpsmd.biocomp.unibo.it/inpsSuite/default/display_results.html?jobid=7e494840-e323-42d8-840c-927fa76cc173
337,0.373562,https://inpsmd.biocomp.unibo.it/inpsSuite/default/display_results.html?jobid=769c254c-06d7-4c79-86f3-41dec3a21dfd
338,0.1187975,https://inpsmd.biocomp.unibo.it/inpsSuite/default/display_results.html?jobid=dc922646-0f10-4c1b-b9ed-f73e00929625
339,0.4192645,https://inpsmd.biocomp.unibo.it/inpsSuite/default/display_results.html?jobid=d77924f6-2900-4b92-a57d-38ca0a27b300
340,0.0150745,https://inpsmd.biocomp.unibo.it/inpsSuite/default/display_results.html?jobid=a5c1f9a4-8aa4-4fb8-95da-b5cfac818865
341,-0.8822955,https://inpsmd.biocomp.unibo.it/inpsSuite/default/display_results.html?jobid=dbbb0bfd-6dac-4eea-b57c-5c73242046dd
342,0.574792,https://inpsmd.biocomp.unibo.it/inpsSuite/default/display_results.html?jobid=3cf73c9a-09f3-4833-9c73-cb89f49407ab
343,0.15935295,https://inpsmd.biocomp.unibo.it/inpsSuite/default/display_results.html?jobid=2ea81983-f83f-4489-8857-c6550cd63ccb
344,-0.9914705,https://inpsmd.biocomp.unibo.it/inpsSuite/default/display_results.html?jobid=2734a6c6-73b8-4343-8b40-324ff7ca04a4
345,-0.403041,https://inpsmd.biocomp.unibo.it/inpsSuite/default/display_results.html?jobid=6e62cc6f-b690-41ae-a5f3-6ba7b1c8083c
346,0.1172748,https://inpsmd.biocomp.unibo.it/inpsSuite/default/display_results.html?jobid=9633e87b-4c1a-4cd6-9f8c-5ca44baddafd
347,-0.782602,https://inpsmd.biocomp.unibo.it/inpsSuite/default/display_results.html?jobid=6b0d95f1-a745-47bb-97d3-1008643fd454
348,-0.9087275,https://inpsmd.biocomp.unibo.it/inpsSuite/default/display_results.html?jobid=62606d60-f0d6-4448-8883-407f31c5edf0
349,-0.339959,https://inpsmd.biocomp.unibo.it/inpsSuite/default/display_results.html?jobid=a4ca5359-2bd8-475d-96a3-95c05404f6e4
350,-0.600805,https://inpsmd.biocomp.unibo.it/inpsSuite/default/display_results.html?jobid=1816b3ae-98af-4f33-98ec-4a9e5451c52b
351,-2.38574,https://inpsmd.biocomp.unibo.it/inpsSuite/default/display_results.html?jobid=6a60461b-14d3-4667-8cb4-b45fce799a61
352,-0.4644485,https://inpsmd.biocomp.unibo.it/inpsSuite/default/display_results.html?jobid=6ae20a12-28db-406b-9943-913cf99aa61b
353,-1.4869745,https://inpsmd.biocomp.unibo.it/inpsSuite/default/display_results.html?jobid=eed1fc5a-df28-47c9-be69-9d621d64f10e
354,-0.0427783,https://inpsmd.biocomp.unibo.it/inpsSuite/default/display_results.html?jobid=fab74af2-875d-4f3f-9e27-611c72ff1363
355,-0.19387725,https://inpsmd.biocomp.unibo.it/inpsSuite/default/display_results.html?jobid=2796a6aa-d69a-4469-af21-39bef92987c4
356,-0.519789,https://inpsmd.biocomp.unibo.it/inpsSuite/default/display_results.html?jobid=2e4cc277-6286-402d-9956-f6c0c3359d7d
357,-0.495045,https://inpsmd.biocomp.unibo.it/inpsSuite/default/display_results.html?jobid=cbb7cc73-2049-457a-b8de-97ccf4c38a0b
358,0.3426675,https://inpsmd.biocomp.unibo.it/inpsSuite/default/display_results.html?jobid=74c8688c-368f-439f-9812-b432e3da54c7
359,-0.548965,https://inpsmd.biocomp.unibo.it/inpsSuite/default/display_results.html?jobid=9faba09a-927f-4576-905b-4cfab125cf06
360,-0.7647945,https://inpsmd.biocomp.unibo.it/inpsSuite/default/display_results.html?jobid=28b11286-ee39-4d38-ac5f-5e4eb710d7ce
361,-0.354168,https://inpsmd.biocomp.unibo.it/inpsSuite/default/display_results.html?jobid=b5d4e85d-5c65-4a2b-8404-496c78a76716
362,-0.9366155,https://inpsmd.biocomp.unibo.it/inpsSuite/default/display_results.html?jobid=cd01adec-7646-4068-bfa8-5c3821dac6bf
363,-1.031766,https://inpsmd.biocomp.unibo.it/inpsSuite/default/display_results.html?jobid=bbf261f8-8a52-4465-8d2a-1e3ed8566aac
364,0.02139245,https://inpsmd.biocomp.unibo.it/inpsSuite/default/display_results.html?jobid=9bf15c01-b8c5-4891-b1f3-c4b7792895a9
365,-0.577346,https://inpsmd.biocomp.unibo.it/inpsSuite/default/display_results.html?jobid=74270c15-3905-4334-b519-b19ac9a9f770
366,0.05518525,https://inpsmd.biocomp.unibo.it/inpsSuite/default/display_results.html?jobid=dcb17e95-1065-48d6-9873-321195794c60
367,0.3956655,https://inpsmd.biocomp.unibo.it/inpsSuite/default/display_results.html?jobid=991b3ea2-30f8-4a0a-907e-5aeea0d10510
368,0.0224037,https://inpsmd.biocomp.unibo.it/inpsSuite/default/display_results.html?jobid=601d9764-1522-42b6-bedc-62ea512e2cf7
369,0.2412177,https://inpsmd.biocomp.unibo.it/inpsSuite/default/display_results.html?jobid=c1087db7-7af4-4689-803e-51b0cd8dee91
370,-0.6785215,https://inpsmd.biocomp.unibo.it/inpsSuite/default/display_results.html?jobid=d091171c-caa7-44c7-8d8f-862a891dccfe
371,-0.6759795,https://inpsmd.biocomp.unibo.it/inpsSuite/default/display_results.html?jobid=91416dd2-ebc2-4cfe-9908-2e3a07d08665
372,-0.27981,https://inpsmd.biocomp.unibo.it/inpsSuite/default/display_results.html?jobid=9c3cefeb-474e-4b2f-9df5-69836c330428
373,-2.508055,https://inpsmd.biocomp.unibo.it/inpsSuite/default/display_results.html?jobid=27d642eb-d7fb-4fc0-8f87-6530ca0f511e
374,-1.24494,https://inpsmd.biocomp.unibo.it/inpsSuite/default/display_results.html?jobid=b27b70b3-ee9a-4909-ac88-2b3cb5e6ccde
375,0.8626845,https://inpsmd.biocomp.unibo.it/inpsSuite/default/display_results.html?jobid=02bff22c-402c-4261-85fb-9336866199fa
376,-0.384757,https://inpsmd.biocomp.unibo.it/inpsSuite/default/display_results.html?jobid=2098e00d-b821-4a1d-bb88-1bdab5c9ae0e
377,-0.2981145,https://inpsmd.biocomp.unibo.it/inpsSuite/default/display_results.html?jobid=f1bdb46e-157d-4965-a727-f3fb5353c9c9
378,0.5422819,https://inpsmd.biocomp.unibo.it/inpsSuite/default/display_results.html?jobid=aceecf0b-0aa7-426c-8232-6ce4543ff946
379,0.128034,https://inpsmd.biocomp.unibo.it/inpsSuite/default/display_results.html?jobid=20b3081f-d124-4f9b-9da4-d41e9535caab
380,-0.05174215,https://inpsmd.biocomp.unibo.it/inpsSuite/default/display_results.html?jobid=6c06a593-5fa2-435c-a7c1-5ec9aad40aec
381,0.1148239,https://inpsmd.biocomp.unibo.it/inpsSuite/default/display_results.html?jobid=b6130a78-9638-46ff-8b38-5c546b0921d2
382,0.0898425,https://inpsmd.biocomp.unibo.it/inpsSuite/default/display_results.html?jobid=2d21f4a1-2c3b-4b3c-ab91-dd8d94dda165
383,-1.0965,https://inpsmd.biocomp.unibo.it/inpsSuite/default/display_results.html?jobid=15013a49-2328-42c4-8f1a-ece1f5213dcd
384,-0.3513755,https://inpsmd.biocomp.unibo.it/inpsSuite/default/display_results.html?jobid=53863605-8694-4903-80d5-a6e0920fd879
385,-0.438348,https://inpsmd.biocomp.unibo.it/inpsSuite/default/display_results.html?jobid=b23384e4-6ae2-4197-b778-12c174f891a1
386,0.342959,https://inpsmd.biocomp.unibo.it/inpsSuite/default/display_results.html?jobid=f701eed3-fca6-4fb6-895c-af4dc1b32e09
387,0.3322705,https://inpsmd.biocomp.unibo.it/inpsSuite/default/display_results.html?jobid=fc12e1c2-dd54-4f18-90ee-e701fd284917
388,-0.205551,https://inpsmd.biocomp.unibo.it/inpsSuite/default/display_results.html?jobid=e80a2a77-048d-453f-b2cf-5f98e4acf610
389,0.082719,https://inpsmd.biocomp.unibo.it/inpsSuite/default/display_results.html?jobid=ec8d4692-611a-4e23-b831-36f5d7d8a88d
390,-0.207767,https://inpsmd.biocomp.unibo.it/inpsSuite/default/display_results.html?jobid=1b1bcc91-2159-4608-909e-af8817b45025
391,-1.41442,https://inpsmd.biocomp.unibo.it/inpsSuite/default/display_results.html?jobid=2588d56b-58d5-4ca8-9ad9-cc99ca6672b0
392,-0.065713,https://inpsmd.biocomp.unibo.it/inpsSuite/default/display_results.html?jobid=b5e9b28c-0b9b-4abf-8b07-1941cb859cbc
393,-0.8574535,https://inpsmd.biocomp.unibo.it/inpsSuite/default/display_results.html?jobid=1fe39f6c-83bf-4f40-bb24-f2c0e04d8327
394,-0.6931215,https://inpsmd.biocomp.unibo.it/inpsSuite/default/display_results.html?jobid=84b5e761-7a64-4960-b136-e2800768e0c2
395,-0.6441025,https://inpsmd.biocomp.unibo.it/inpsSuite/default/display_results.html?jobid=9f671816-dceb-433c-ac82-aa205d20c77e
396,0.18812935,https://inpsmd.biocomp.unibo.it/inpsSuite/default/display_results.html?jobid=b55cee68-a6aa-4a33-937e-ce90446e589b
397,-0.3488005,https://inpsmd.biocomp.unibo.it/inpsSuite/default/display_results.html?jobid=b62d4d6b-1844-4cef-ad4e-e1161fe20266
398,-0.781055,https://inpsmd.biocomp.unibo.it/inpsSuite/default/display_results.html?jobid=e33d0458-18f0-4686-936e-54664fd27e2c
399,-0.5753375,https://inpsmd.biocomp.unibo.it/inpsSuite/default/display_results.html?jobid=c42c55ae-ece0-401d-abfc-f821f5e3538c
400,-0.853563,https://inpsmd.biocomp.unibo.it/inpsSuite/default/display_results.html?jobid=89eb6684-dd6c-4600-befc-03f56759c3d3
401,0.2503265,https://inpsmd.biocomp.unibo.it/inpsSuite/default/display_results.html?jobid=7002ea15-4c9d-44e8-9440-912d866a439e
402,-0.090033682,https://inpsmd.biocomp.unibo.it/inpsSuite/default/display_results.html?jobid=08962a04-5ecf-42e2-9e77-6d55f29547d8
403,0.16314,https://inpsmd.biocomp.unibo.it/inpsSuite/default/display_results.html?jobid=27af2967-ace7-4b22-932a-3745e8816035
404,-0.2971895,https://inpsmd.biocomp.unibo.it/inpsSuite/default/display_results.html?jobid=05fc3ae3-cc62-4f36-93b6-90bc2d6250a5
405,-0.524376,https://inpsmd.biocomp.unibo.it/inpsSuite/default/display_results.html?jobid=8dcd973b-9294-41af-a170-de1fd6ed210f
406,0.443763,https://inpsmd.biocomp.unibo.it/inpsSuite/default/display_results.html?jobid=f1947021-3d42-45b9-b1b7-7a86b837f37a
407,0.2906385,https://inpsmd.biocomp.unibo.it/inpsSuite/default/display_results.html?jobid=d36ecec5-5bfe-4e1f-93c4-b5cb527369f9
408,-0.6194825,https://inpsmd.biocomp.unibo.it/inpsSuite/default/display_results.html?jobid=215dd61d-281a-41e0-8f2d-a3e64dfb68f8
409,1.401094,https://inpsmd.biocomp.unibo.it/inpsSuite/default/display_results.html?jobid=823cbb52-6d73-4c8e-ad23-8df92cf26a1a
410,-0.0101784,https://inpsmd.biocomp.unibo.it/inpsSuite/default/display_results.html?jobid=0d2bc7a0-cd3e-44c8-972f-aa7a469bfff0
411,-0.557226,https://inpsmd.biocomp.unibo.it/inpsSuite/default/display_results.html?jobid=2606358c-5996-4101-9d11-3ae444744a08
412,-0.2245455,https://inpsmd.biocomp.unibo.it/inpsSuite/default/display_results.html?jobid=5595c22d-29bb-4f8c-ad7a-a93bfb0803d5
413,-0.2955005,https://inpsmd.biocomp.unibo.it/inpsSuite/default/display_results.html?jobid=f749ac69-70c1-44d8-892f-bc17f962b368
414,-0.21241685,https://inpsmd.biocomp.unibo.it/inpsSuite/default/display_results.html?jobid=263d49bd-2467-4380-92a1-2c4494bd0ab7
415,-0.8451575,https://inpsmd.biocomp.unibo.it/inpsSuite/default/display_results.html?jobid=4c799adb-1ff3-4618-a208-a6d4cbe35831
416,-0.61688,https://inpsmd.biocomp.unibo.it/inpsSuite/default/display_results.html?jobid=54b41193-b231-4df3-9ef9-d1dad822b0fe
417,-0.371939,https://inpsmd.biocomp.unibo.it/inpsSuite/default/display_results.html?jobid=7333578f-8542-4c46-a9d6-a6b127a913e9
418,0.0144995,https://inpsmd.biocomp.unibo.it/inpsSuite/default/display_results.html?jobid=52d2f8e1-d184-4c43-b3a2-4fe570155179
419,0.36867135,https://inpsmd.biocomp.unibo.it/inpsSuite/default/display_results.html?jobid=4bd78895-82d1-4c4d-8d46-e23b139fe8be
420,-0.107591015,https://inpsmd.biocomp.unibo.it/inpsSuite/default/display_results.html?jobid=a908c8b1-8f92-441c-acb5-158801a0a7f2
421,-0.9604485,https://inpsmd.biocomp.unibo.it/inpsSuite/default/display_results.html?jobid=d045b6bd-fc31-46ac-86f9-82f02bee479f
422,-0.789398,https://inpsmd.biocomp.unibo.it/inpsSuite/default/display_results.html?jobid=0c4e0dd7-f203-4161-b7fc-97fe9d8c5934
423,0.7204495,https://inpsmd.biocomp.unibo.it/inpsSuite/default/display_results.html?jobid=88005302-aeb9-4819-9ab2-c10771319cc4
424,-0.722286,https://inpsmd.biocomp.unibo.it/inpsSuite/default/display_results.html?jobid=20380560-2efa-4b7b-af07-a423de05819c
425,0.30697175,https://inpsmd.biocomp.unibo.it/inpsSuite/default/display_results.html?jobid=a14af5c9-71db-40ed-b7d4-8d13cd6529fc
426,-0.095713,https://inpsmd.biocomp.unibo.it/inpsSuite/default/display_results.html?jobid=a0eadfa0-65e3-41b7-8cce-863c93344c65
427,-0.4737316,https://inpsmd.biocomp.unibo.it/inpsSuite/default/display_results.html?jobid=9a194520-660c-4a88-bbee-3df0b0650469
428,0.354525875,https://inpsmd.biocomp.unibo.it/inpsSuite/default/display_results.html?jobid=39d369f7-ac7d-46a7-a36d-fd2f934c8e8c
429,-0.765167,https://inpsmd.biocomp.unibo.it/inpsSuite/default/display_results.html?jobid=a90b3f75-02dd-4a9e-ae45-6eca394f1bdc
430,-0.2351955,https://inpsmd.biocomp.unibo.it/inpsSuite/default/display_results.html?jobid=4625d48c-9fae-4228-9b00-6bd6002285d6
431,-0.347065,https://inpsmd.biocomp.unibo.it/inpsSuite/default/display_results.html?jobid=9bcc443d-e88d-4b0e-8c9e-55ae65eea60a
432,-0.591018,https://inpsmd.biocomp.unibo.it/inpsSuite/default/display_results.html?jobid=547639d6-4326-4ce0-9108-fc918bcbe7d3
433,0.2433629,https://inpsmd.biocomp.unibo.it/inpsSuite/default/display_results.html?jobid=d3728792-8082-499c-8d6d-600093ccf124
434,0.09487035,https://inpsmd.biocomp.unibo.it/inpsSuite/default/display_results.html?jobid=0d1119d1-7056-4f95-a4a1-7fef79c398b0
435,-0.6538155,https://inpsmd.biocomp.unibo.it/inpsSuite/default/display_results.html?jobid=29729b7e-b58c-4515-98e4-586f8513d7c6
436,-0.875732,https://inpsmd.biocomp.unibo.it/inpsSuite/default/display_results.html?jobid=dcd91dc3-3b5e-4b72-9bfb-97fb0a0be944
437,0.3731865,https://inpsmd.biocomp.unibo.it/inpsSuite/default/display_results.html?jobid=964d9630-c4de-4bae-84f2-4d39262aa095
438,-0.3168545,https://inpsmd.biocomp.unibo.it/inpsSuite/default/display_results.html?jobid=8b919c07-d0e0-43d4-b695-3e0852954db1
439,-0.1647955,https://inpsmd.biocomp.unibo.it/inpsSuite/default/display_results.html?jobid=1357a08a-cf96-48a2-8630-97e6cf3556e5
440,-0.4571335,https://inpsmd.biocomp.unibo.it/inpsSuite/default/display_results.html?jobid=74315d4c-989a-4c07-a6af-981d4fcbf736
441,-0.8545145,https://inpsmd.biocomp.unibo.it/inpsSuite/default/display_results.html?jobid=34b4e897-20b0-42bb-a6fe-f37befa29cf7
442,-0.0486207,https://inpsmd.biocomp.unibo.it/inpsSuite/default/display_results.html?jobid=e6d4cd39-ed3e-4281-a626-4512f35c36bd
443,-0.2093787,https://inpsmd.biocomp.unibo.it/inpsSuite/default/display_results.html?jobid=85f8ba37-6f7e-45c4-849a-dbd11d807a25
444,-2.18407,https://inpsmd.biocomp.unibo.it/inpsSuite/default/display_results.html?jobid=8346ad1a-1400-4741-ab4d-862c9419e0dd
445,0.205028,https://inpsmd.biocomp.unibo.it/inpsSuite/default/display_results.html?jobid=2e2e3301-b04a-421b-85ce-98b5fde989ee
446,-0.14208305,https://inpsmd.biocomp.unibo.it/inpsSuite/default/display_results.html?jobid=3b9b3207-3dae-4f28-a8ff-029c855f68ab
447,-0.7004555,https://inpsmd.biocomp.unibo.it/inpsSuite/default/display_results.html?jobid=4986e4d4-37d6-4ae5-a274-5765ff210986
448,-0.23953335,https://inpsmd.biocomp.unibo.it/inpsSuite/default/display_results.html?jobid=6ab68401-cf59-42c0-9415-d80f8c87e7d3
449,-0.25206675,https://inpsmd.biocomp.unibo.it/inpsSuite/default/display_results.html?jobid=59a5b541-c258-4682-9e80-96fb4e6a3eb5
450,0.0268045,https://inpsmd.biocomp.unibo.it/inpsSuite/default/display_results.html?jobid=be3e06b0-b8a3-4f8d-88b0-3f0389ac6178
451,0.8360695,https://inpsmd.biocomp.unibo.it/inpsSuite/default/display_results.html?jobid=b7ea75da-f754-44f3-83a1-27dc1adbf020
452,0.230203,https://inpsmd.biocomp.unibo.it/inpsSuite/default/display_results.html?jobid=2c275774-1ffa-43f4-804b-1b24130ee897
453,-0.252405,https://inpsmd.biocomp.unibo.it/inpsSuite/default/display_results.html?jobid=a8930088-f3ee-400d-98d9-ae114378e5d5
454,0.2511615,https://inpsmd.biocomp.unibo.it/inpsSuite/default/display_results.html?jobid=274a072c-bb5a-483a-96ad-4c5b374197fe
455,-0.3261185,https://inpsmd.biocomp.unibo.it/inpsSuite/default/display_results.html?jobid=2e2f5fea-a689-41f8-b2be-5297ac4f25fe
456,-0.885599,https://inpsmd.biocomp.unibo.it/inpsSuite/default/display_results.html?jobid=e78234bf-1b2d-4948-9ea8-d4f4d17e0be8
457,-1.339495,https://inpsmd.biocomp.unibo.it/inpsSuite/default/display_results.html?jobid=bea1b3de-75bc-41cf-9194-062fee2e501f
458,-0.45102197,https://inpsmd.biocomp.unibo.it/inpsSuite/default/display_results.html?jobid=fdc9b64c-1e66-4573-8dd6-22316a2fa3f0
459,-0.475382,https://inpsmd.biocomp.unibo.it/inpsSuite/default/display_results.html?jobid=c33a2904-e3eb-4565-b16a-c7cfc9456af4
460,-0.822212,https://inpsmd.biocomp.unibo.it/inpsSuite/default/display_results.html?jobid=ce4accd4-5061-4cbb-adc0-e3d8e7cbdeab
461,-1.458265,https://inpsmd.biocomp.unibo.it/inpsSuite/default/display_results.html?jobid=bcd20156-4ca1-44cd-8305-5739f822b00e
462,0.0076215,https://inpsmd.biocomp.unibo.it/inpsSuite/default/display_results.html?jobid=fb854be3-2857-465a-9cc5-3533167e9674
463,-0.450703,https://inpsmd.biocomp.unibo.it/inpsSuite/default/display_results.html?jobid=ff39294a-bbef-4e34-9cae-bdaed4be1fed
464,-0.5786685,https://inpsmd.biocomp.unibo.it/inpsSuite/default/display_results.html?jobid=ddfe7e09-2996-4ee6-ada6-9892d350e8c4
465,-0.5412315,https://inpsmd.biocomp.unibo.it/inpsSuite/default/display_results.html?jobid=c8ab7fe9-2c68-4511-a528-7640f85cca0a
466,-1.02817375,https://inpsmd.biocomp.unibo.it/inpsSuite/default/display_results.html?jobid=28f6d32b-4a4b-4d8c-b157-e93cedb03dd5
467,-1.364257,https://inpsmd.biocomp.unibo.it/inpsSuite/default/display_results.html?jobid=20439075-a031-4e98-bb12-eef5013185a0
468,-0.211855,https://inpsmd.biocomp.unibo.it/inpsSuite/default/display_results.html?jobid=4ca8b941-12ee-49e8-a4d2-619f42fe6ed4
469,-0.4275185,https://inpsmd.biocomp.unibo.it/inpsSuite/default/display_results.html?jobid=d10188ea-4e06-49ad-86b7-75509322fede
471,-0.1484565,https://inpsmd.biocomp.unibo.it/inpsSuite/default/display_results.html?jobid=94bc9ca1-4ca2-4475-907c-1fb1f959a27c
472,0.3979715,https://inpsmd.biocomp.unibo.it/inpsSuite/default/display_results.html?jobid=481f03a0-97ad-44c7-af50-5414f271f4ab
473,-2.498265,https://inpsmd.biocomp.unibo.it/inpsSuite/default/display_results.html?jobid=55a0dc0f-8d44-4e90-8850-2168e063fb8b
474,0.0347646,https://inpsmd.biocomp.unibo.it/inpsSuite/default/display_results.html?jobid=78b1c291-60e4-4d3c-8ce3-1d10747501d0
475,-0.0800625,https://inpsmd.biocomp.unibo.it/inpsSuite/default/display_results.html?jobid=bd1342b4-0630-4b25-b96d-f26c11f5929a
476,-0.656824,https://inpsmd.biocomp.unibo.it/inpsSuite/default/display_results.html?jobid=990acf95-be61-40fe-b1d2-61ef2043465e
477,-0.00108675,https://inpsmd.biocomp.unibo.it/inpsSuite/default/display_results.html?jobid=49f8930b-c464-4934-ae92-d63a56007b0b
478,0.2631025,https://inpsmd.biocomp.unibo.it/inpsSuite/default/display_results.html?jobid=b9abf0f3-39d4-407e-be5e-bc71a9c4d4dc
479,0.1412595,https://inpsmd.biocomp.unibo.it/inpsSuite/default/display_results.html?jobid=5ed8074e-f407-47af-b7e0-a74551e6cf57
480,-0.7108175,https://inpsmd.biocomp.unibo.it/inpsSuite/default/display_results.html?jobid=bbee425f-f6c5-47d6-aa04-959ce58007d5
481,0.0437,https://inpsmd.biocomp.unibo.it/inpsSuite/default/display_results.html?jobid=0f1f2c47-3fc9-4cb5-b35f-2d563add0dc8
482,-0.204338,https://inpsmd.biocomp.unibo.it/inpsSuite/default/display_results.html?jobid=99d53134-bad7-4d6e-84cb-59ac917d0257
483,0.3321494,https://inpsmd.biocomp.unibo.it/inpsSuite/default/display_results.html?jobid=3f0ed41d-791a-4ccb-af9d-b4a61aca7ec7
484,-1.451215,https://inpsmd.biocomp.unibo.it/inpsSuite/default/display_results.html?jobid=a2654f57-e75f-4049-ad11-e1e7c30c316c
485,-0.4274015,https://inpsmd.biocomp.unibo.it/inpsSuite/default/display_results.html?jobid=ed1afeac-3294-493a-a14b-c6e610df675e
486,0.793969,https://inpsmd.biocomp.unibo.it/inpsSuite/default/display_results.html?jobid=18c06395-db01-48e3-82e9-382262b1aca8
487,-0.0231404,https://inpsmd.biocomp.unibo.it/inpsSuite/default/display_results.html?jobid=51a39418-55bd-4bef-a797-b4bea4e7c412
488,-0.2262535,https://inpsmd.biocomp.unibo.it/inpsSuite/default/display_results.html?jobid=d6f9d7fa-0993-4357-b0b3-c2814d9604fc
489,-1.1810785,https://inpsmd.biocomp.unibo.it/inpsSuite/default/display_results.html?jobid=ebf75f33-906b-4d51-b1e2-6e8fba8ffcde
490,-0.059309,https://inpsmd.biocomp.unibo.it/inpsSuite/default/display_results.html?jobid=c2861d05-64d5-46e7-b0aa-536fbc037fcb
491,0.1101328,https://inpsmd.biocomp.unibo.it/inpsSuite/default/display_results.html?jobid=aa3e7fe3-230a-4636-b7ba-f4340bbd90a3
492,-0.1900865,https://inpsmd.biocomp.unibo.it/inpsSuite/default/display_results.html?jobid=314b8e63-9723-4a51-8784-c432952cf64b
493,0.0736035,https://inpsmd.biocomp.unibo.it/inpsSuite/default/display_results.html?jobid=28690310-0f99-4559-8151-52c6fd38ca4d
494,-0.1343592,https://inpsmd.biocomp.unibo.it/inpsSuite/default/display_results.html?jobid=4d92c2a9-cc37-4db7-b81d-cb873dedda04
495,-0.8670005,https://inpsmd.biocomp.unibo.it/inpsSuite/default/display_results.html?jobid=23ce57dc-7fca-4fb1-be31-28a5719c1c70
496,-0.8727195,https://inpsmd.biocomp.unibo.it/inpsSuite/default/display_results.html?jobid=403d8962-8f10-4fd9-9091-b23a008f8ef1
497,-0.76292555,https://inpsmd.biocomp.unibo.it/inpsSuite/default/display_results.html?jobid=2d22c431-3db2-4d8f-962b-0428d3df9442
498,-0.764436,https://inpsmd.biocomp.unibo.it/inpsSuite/default/display_results.html?jobid=a7d490b1-5371-4b1b-a123-ca078059ea16
499,-0.5339585,https://inpsmd.biocomp.unibo.it/inpsSuite/default/display_results.html?jobid=559fe1a9-29b3-4108-aabb-e1b0e18b2e2a
500,-0.9059055,https://inpsmd.biocomp.unibo.it/inpsSuite/default/display_results.html?jobid=d90c31dd-6949-4161-9ba0-084a7e60de2e
501,-0.469722,https://inpsmd.biocomp.unibo.it/inpsSuite/default/display_results.html?jobid=6287b079-ef6a-4c04-9038-05b0c7d6d5c5
502,-0.3342708,https://inpsmd.biocomp.unibo.it/inpsSuite/default/display_results.html?jobid=e467417f-34f1-4406-8854-fa4454ac9437
503,0.2441925,https://inpsmd.biocomp.unibo.it/inpsSuite/default/display_results.html?jobid=f03aaa5b-6a55-47c1-aab0-eb8bfd9152e7
504,0.389767,https://inpsmd.biocomp.unibo.it/inpsSuite/default/display_results.html?jobid=ee148b68-c5a1-46f0-8c72-c54f0b601570
505,-0.25090285,https://inpsmd.biocomp.unibo.it/inpsSuite/default/display_results.html?jobid=36673e57-6096-4432-9cb0-03ac4d69741d
506,-1.64588,https://inpsmd.biocomp.unibo.it/inpsSuite/default/display_results.html?jobid=6ecf543d-b2cb-4783-b3bd-9b63ade8794c
507,0.1244095,https://inpsmd.biocomp.unibo.it/inpsSuite/default/display_results.html?jobid=bec1dcb9-3aa2-440e-9dc8-9301b95b879f
508,0.0982459,https://inpsmd.biocomp.unibo.it/inpsSuite/default/display_results.html?jobid=78ecfa07-cf7e-4ca2-a91f-735b9d1e4b68
509,-0.5855415,https://inpsmd.biocomp.unibo.it/inpsSuite/default/display_results.html?jobid=e6746c2e-41a4-47e5-88ca-809b0499baba
510,-0.4198125,https://inpsmd.biocomp.unibo.it/inpsSuite/default/display_results.html?jobid=8f92f23f-1559-42ea-91ff-f8ae16264847
511,0.032063,https://inpsmd.biocomp.unibo.it/inpsSuite/default/display_results.html?jobid=710065f2-6255-47e4-b690-57b6e1666368
512,-1.67872,https://inpsmd.biocomp.unibo.it/inpsSuite/default/display_results.html?jobid=76aa9bd5-18a5-4335-9da9-928c43b448f1
513,-1.157624,https://inpsmd.biocomp.unibo.it/inpsSuite/default/display_results.html?jobid=7394d701-8d47-4d2e-bd0e-1b61a7bac780
514,-0.6418595,https://inpsmd.biocomp.unibo.it/inpsSuite/default/display_results.html?jobid=9e7b9b32-2787-4e7b-97dc-bed3444e755f
515,-2.385895,https://inpsmd.biocomp.unibo.it/inpsSuite/default/display_results.html?jobid=549713ce-e9cf-409a-89f2-bd18872ba3d7
516,-0.445341,https://inpsmd.biocomp.unibo.it/inpsSuite/default/display_results.html?jobid=4d8ddaea-5cfb-418d-8ac9-12cce14692ce
517,-0.2025025,https://inpsmd.biocomp.unibo.it/inpsSuite/default/display_results.html?jobid=6f11e167-a07f-4a46-a911-7e73ac88735f
518,0.05595008,https://inpsmd.biocomp.unibo.it/inpsSuite/default/display_results.html?jobid=96cf491d-2c7d-4d4a-a75a-e32d1320628a
519,-0.298926,https://inpsmd.biocomp.unibo.it/inpsSuite/default/display_results.html?jobid=1eb5680f-910c-4130-8779-51079bcb3aa5
520,0.241998,https://inpsmd.biocomp.unibo.it/inpsSuite/default/display_results.html?jobid=a533f3c5-2a3b-4c2c-9a27-ef00e3676fbd
521,0.0854395,https://inpsmd.biocomp.unibo.it/inpsSuite/default/display_results.html?jobid=859e92bc-7d42-4d51-bab1-a9c2dd65f26f
522,-0.200868,https://inpsmd.biocomp.unibo.it/inpsSuite/default/display_results.html?jobid=2478c939-f2e6-48da-a469-234475841ef3
523,-0.012456,https://inpsmd.biocomp.unibo.it/inpsSuite/default/display_results.html?jobid=5d8c0452-27fc-47dd-8fef-a051c57a9768
524,-0.9963595,https://inpsmd.biocomp.unibo.it/inpsSuite/default/display_results.html?jobid=d68dd3a0-715f-40d1-813a-defb484716f7
525,-0.423501295,https://inpsmd.biocomp.unibo.it/inpsSuite/default/display_results.html?jobid=b58b31be-8ae5-46c1-be9c-3c2a3800dd19
526,-1.49853,https://inpsmd.biocomp.unibo.it/inpsSuite/default/display_results.html?jobid=a78f6d44-45c1-4446-adc3-14a78857a661
527,-0.614868645,https://inpsmd.biocomp.unibo.it/inpsSuite/default/display_results.html?jobid=220e388e-153f-46ef-8a33-109dafe9a59c
528,-0.09765885,https://inpsmd.biocomp.unibo.it/inpsSuite/default/display_results.html?jobid=e478c361-87c2-405a-b4bd-1390abd477f7
529,-0.4694535,https://inpsmd.biocomp.unibo.it/inpsSuite/default/display_results.html?jobid=552db6ea-cf25-44bf-aa75-48df1309f42d
530,-0.867812,https://inpsmd.biocomp.unibo.it/inpsSuite/default/display_results.html?jobid=649be2ed-76bf-4d36-bfbd-7b92068f830d
531,-0.726413,https://inpsmd.biocomp.unibo.it/inpsSuite/default/display_results.html?jobid=c44927a0-ced5-4a46-89e6-46fdb921ea3c
532,0.18172975,https://inpsmd.biocomp.unibo.it/inpsSuite/default/display_results.html?jobid=264770a1-7269-405e-96aa-ebd32a1422e0
533,0.14574255,https://inpsmd.biocomp.unibo.it/inpsSuite/default/display_results.html?jobid=a15785f3-1f46-44ac-a14b-a38865f5d045
534,0.2469593,https://inpsmd.biocomp.unibo.it/inpsSuite/default/display_results.html?jobid=bae38f86-d106-4e3d-bb1a-72196ecb302b
535,0.42865405,https://inpsmd.biocomp.unibo.it/inpsSuite/default/display_results.html?jobid=25199feb-6353-428b-83a8-16cd22ab891f
536,-0.4188785,https://inpsmd.biocomp.unibo.it/inpsSuite/default/display_results.html?jobid=aab58eac-c090-484b-a049-5bd7927231e9
537,-0.717873,https://inpsmd.biocomp.unibo.it/inpsSuite/default/display_results.html?jobid=4bf950a9-045c-46c6-86c2-92cf3bdbd57d
538,-1.198675,https://inpsmd.biocomp.unibo.it/inpsSuite/default/display_results.html?jobid=fcb896cb-e292-4edb-8f0f-d08ca3c5f6ff
539,-0.938175,https://inpsmd.biocomp.unibo.it/inpsSuite/default/display_results.html?jobid=79683f66-30dd-4d87-af46-cf2cdae9376b
540,-0.4058385,https://inpsmd.biocomp.unibo.it/inpsSuite/default/display_results.html?jobid=c676f251-384d-445f-8f1d-94d3f43d301a
541,-0.2176483,https://inpsmd.biocomp.unibo.it/inpsSuite/default/display_results.html?jobid=11f4ce51-a99c-420f-93c0-6d895b0f2e3a
542,-0.413768,https://inpsmd.biocomp.unibo.it/inpsSuite/default/display_results.html?jobid=1241b0fc-0433-465b-a11f-10079e5fbe2c
543,0.10094005,https://inpsmd.biocomp.unibo.it/inpsSuite/default/display_results.html?jobid=63a6319f-a1c9-45ae-8ef9-b0c4d429bfd9
544,-0.193362895,https://inpsmd.biocomp.unibo.it/inpsSuite/default/display_results.html?jobid=d1319732-9d7d-43c2-b2c8-39af0d3765e6
545,0.0459709,https://inpsmd.biocomp.unibo.it/inpsSuite/default/display_results.html?jobid=127b6be6-a725-402a-999b-35e5927e513a
546,0.01337195,https://inpsmd.biocomp.unibo.it/inpsSuite/default/display_results.html?jobid=16cb5172-128b-4b64-b03a-08f417ac4e42
547,-0.133071,https://inpsmd.biocomp.unibo.it/inpsSuite/default/display_results.html?jobid=36f617d3-d1a7-4bad-b955-9fb073ec96da
548,-0.8532765,https://inpsmd.biocomp.unibo.it/inpsSuite/default/display_results.html?jobid=dd1023cd-ecc5-435b-ac3c-36a9956e1d71
549,-0.6561765,https://inpsmd.biocomp.unibo.it/inpsSuite/default/display_results.html?jobid=a9fa4455-a1ed-4e02-b87b-ccb543cff3e1
550,-0.140957,https://inpsmd.biocomp.unibo.it/inpsSuite/default/display_results.html?jobid=60ca1f29-9243-4b54-bb86-b7f9f3b7f132
551,-0.42089805,https://inpsmd.biocomp.unibo.it/inpsSuite/default/display_results.html?jobid=78000904-be56-4fe0-8ceb-b3334ddde443
552,-0.774265,https://inpsmd.biocomp.unibo.it/inpsSuite/default/display_results.html?jobid=bc53ee3f-9c60-4235-baaa-4629473bd744
553,-0.5819815,https://inpsmd.biocomp.unibo.it/inpsSuite/default/display_results.html?jobid=3b173d2d-7e2d-4583-abbe-ea1436fb43e1
554,-0.0317282,https://inpsmd.biocomp.unibo.it/inpsSuite/default/display_results.html?jobid=ca3c92a0-69bf-41c1-bf30-15e87568e907
555,-3.232645,https://inpsmd.biocomp.unibo.it/inpsSuite/default/display_results.html?jobid=a94d8fee-2ab5-4996-9cb8-6a7fba40d210
556,-0.2514025,https://inpsmd.biocomp.unibo.it/inpsSuite/default/display_results.html?jobid=e34dd82b-281e-4368-9edb-6a2652cacbef
557,-0.41339,https://inpsmd.biocomp.unibo.it/inpsSuite/default/display_results.html?jobid=d352642c-3de4-4533-af15-5396c1b06fce
558,-2.01496,https://inpsmd.biocomp.unibo.it/inpsSuite/default/display_results.html?jobid=7a9ded6e-cd8a-40fc-8d96-5a447e78c0a6
559,-0.170493,https://inpsmd.biocomp.unibo.it/inpsSuite/default/display_results.html?jobid=b0b5f86b-60c1-4ecd-ba95-ec9dbccd9c0e
560,-1.3934195,https://inpsmd.biocomp.unibo.it/inpsSuite/default/display_results.html?jobid=55944f99-4bfc-48e2-b486-26008f3f86ff
561,-1.38709,https://inpsmd.biocomp.unibo.it/inpsSuite/default/display_results.html?jobid=6727ced8-f758-4cd0-97e8-26da902b4217
562,-0.6617655,https://inpsmd.biocomp.unibo.it/inpsSuite/default/display_results.html?jobid=1b8151ac-9cc6-4a0a-b7e4-77348fda94fa
563,-0.118088,https://inpsmd.biocomp.unibo.it/inpsSuite/default/display_results.html?jobid=9d2df4db-2a3c-4af6-ab2d-3d97f7a9ad14
564,-0.472445,https://inpsmd.biocomp.unibo.it/inpsSuite/default/display_results.html?jobid=a0145c2b-9fec-45cb-bf70-1e5c59b4075b
565,-1.6360185,https://inpsmd.biocomp.unibo.it/inpsSuite/default/display_results.html?jobid=902634fa-71d8-4d1b-98e5-9c4ee20798d6
566,-1.79232,https://inpsmd.biocomp.unibo.it/inpsSuite/default/display_results.html?jobid=8d8559e4-7e45-4a52-a64d-d6c92b5423c2
567,-0.7837845,https://inpsmd.biocomp.unibo.it/inpsSuite/default/display_results.html?jobid=7bc30bc7-2db1-4055-aaf5-a435e8521eab
568,-2.00644,https://inpsmd.biocomp.unibo.it/inpsSuite/default/display_results.html?jobid=df1ad729-1af3-4082-ad04-1d9a71377c65
569,-0.1406025,https://inpsmd.biocomp.unibo.it/inpsSuite/default/display_results.html?jobid=793f1f18-9030-46e8-870c-963434b2a0b4
570,0.270631,https://inpsmd.biocomp.unibo.it/inpsSuite/default/display_results.html?jobid=1e74ce6a-3974-4cda-818a-f80cca4611f0
571,-0.73314355,https://inpsmd.biocomp.unibo.it/inpsSuite/default/display_results.html?jobid=1604b39e-b7bc-466d-8cf6-d57a0ac416a1
572,-0.49695,https://inpsmd.biocomp.unibo.it/inpsSuite/default/display_results.html?jobid=f4d51e5a-c7fd-4503-b646-fc2c1183fe99
573,-0.006188,https://inpsmd.biocomp.unibo.it/inpsSuite/default/display_results.html?jobid=ba780eea-43d2-4bee-b52f-f4207e8c8595
574,-2.829685,https://inpsmd.biocomp.unibo.it/inpsSuite/default/display_results.html?jobid=6c722df2-7f12-45ab-94ad-d4d2aa7e5394
575,0.173789855,https://inpsmd.biocomp.unibo.it/inpsSuite/default/display_results.html?jobid=93f2c6a7-b1a8-4f39-ae8f-a3f9afe1befb
576,-0.4174445,https://inpsmd.biocomp.unibo.it/inpsSuite/default/display_results.html?jobid=bb64ac0b-5c22-4039-897c-f1efd770d3df
577,0.06846152,https://inpsmd.biocomp.unibo.it/inpsSuite/default/display_results.html?jobid=4485672d-4547-4346-83a7-44427d46d1ca
578,-0.1202345,https://inpsmd.biocomp.unibo.it/inpsSuite/default/display_results.html?jobid=4f5354a8-0918-4373-bbb7-f38f6d8304a2
579,-0.8636475,https://inpsmd.biocomp.unibo.it/inpsSuite/default/display_results.html?jobid=b6a4d39f-4a8e-49cc-bdb0-9d43caa164a7
580,0.1200141,https://inpsmd.biocomp.unibo.it/inpsSuite/default/display_results.html?jobid=356b058a-51f2-416a-a4c5-73ddbda5dea5
581,-2.85799,https://inpsmd.biocomp.unibo.it/inpsSuite/default/display_results.html?jobid=7f22a75b-69b5-476f-b6b2-f0ffc8efaaac
582,-0.9330055,https://inpsmd.biocomp.unibo.it/inpsSuite/default/display_results.html?jobid=afea70fe-376b-4a58-b27e-ab1723c366db
583,-0.233443,https://inpsmd.biocomp.unibo.it/inpsSuite/default/display_results.html?jobid=e466cd33-6ba7-41e3-a935-b618c59c0177
584,-0.3516109,https://inpsmd.biocomp.unibo.it/inpsSuite/default/display_results.html?jobid=a41cb2bb-032e-4a66-a432-4c9a20bdbb16
585,-0.960455,https://inpsmd.biocomp.unibo.it/inpsSuite/default/display_results.html?jobid=22d5672e-da7c-4f10-9b1f-8b3a1fa4d14a
586,-2.562705,https://inpsmd.biocomp.unibo.it/inpsSuite/default/display_results.html?jobid=1cb57b19-16ce-45ad-a987-7eb83b2cc693
587,-1.2114735,https://inpsmd.biocomp.unibo.it/inpsSuite/default/display_results.html?jobid=97619076-f68b-414a-bd02-38700384ace9
588,-0.22830695,https://inpsmd.biocomp.unibo.it/inpsSuite/default/display_results.html?jobid=b8bbff72-016b-4927-9b28-b9f017df4107
589,-0.307468295,https://inpsmd.biocomp.unibo.it/inpsSuite/default/display_results.html?jobid=70e495cf-eb76-4b76-9ce9-b363fef90bd8
590,-0.3277835,https://inpsmd.biocomp.unibo.it/inpsSuite/default/display_results.html?jobid=dc8301c6-8b19-42fd-93e8-35478e760851
591,-0.4742695,https://inpsmd.biocomp.unibo.it/inpsSuite/default/display_results.html?jobid=f92896a4-d4fa-468d-a66d-ffcb0119890a
592,-0.3145975,https://inpsmd.biocomp.unibo.it/inpsSuite/default/display_results.html?jobid=ae9e66b1-b18c-44f5-acd7-6f901fccdc1c
593,-0.570205,https://inpsmd.biocomp.unibo.it/inpsSuite/default/display_results.html?jobid=bdfb2af4-bef0-4bd6-8b76-f4c28e2174cc
594,-0.540209,https://inpsmd.biocomp.unibo.it/inpsSuite/default/display_results.html?jobid=92b5521f-0bc8-4c88-89e6-f34b0231a732
595,-0.4607515,https://inpsmd.biocomp.unibo.it/inpsSuite/default/display_results.html?jobid=99f63299-c2f4-4bf4-bb0f-c57a2e18842f
596,0.0136195,https://inpsmd.biocomp.unibo.it/inpsSuite/default/display_results.html?jobid=76a8f5f9-258c-47fc-8575-f33e2ac21464
597,-0.499274,https://inpsmd.biocomp.unibo.it/inpsSuite/default/display_results.html?jobid=4ea19721-bdd4-461f-9371-3968e4dabfaf
598,-1.59455,https://inpsmd.biocomp.unibo.it/inpsSuite/default/display_results.html?jobid=a5cc827f-c85d-4ab5-b6d0-d31c981ea1b4
599,-0.380765,https://inpsmd.biocomp.unibo.it/inpsSuite/default/display_results.html?jobid=c581c16f-45d2-4f54-af8f-b11e760bbadb
600,-0.353726,https://inpsmd.biocomp.unibo.it/inpsSuite/default/display_results.html?jobid=8f356802-c149-4f33-a567-3ed913b5aa81
601,-0.291642,https://inpsmd.biocomp.unibo.it/inpsSuite/default/display_results.html?jobid=19fa57b3-aadf-4d76-a5a4-33d125a05cbb
602,-0.133219,https://inpsmd.biocomp.unibo.it/inpsSuite/default/display_results.html?jobid=bda64ee4-ec09-458f-8073-1e9a2eb4d477
603,-0.396911,https://inpsmd.biocomp.unibo.it/inpsSuite/default/display_results.html?jobid=5e1c1dbe-574f-46d9-a051-f9ce9419f636
604,-0.6047415,https://inpsmd.biocomp.unibo.it/inpsSuite/default/display_results.html?jobid=9742dffa-9372-426b-b3bf-3b5bbef7f401
605,-0.817498,https://inpsmd.biocomp.unibo.it/inpsSuite/default/display_results.html?jobid=bdba227c-c750-4296-b521-fb5b133048ef
606,0.1191824,https://inpsmd.biocomp.unibo.it/inpsSuite/default/display_results.html?jobid=c22c44fd-d854-409c-8ef0-f3fdd8f0841e
607,-0.446092,https://inpsmd.biocomp.unibo.it/inpsSuite/default/display_results.html?jobid=809d59bc-ad33-41c8-80e2-c19b477b15d8
608,-1.687745,https://inpsmd.biocomp.unibo.it/inpsSuite/default/display_results.html?jobid=c6515714-60d9-4096-a95f-9c20a039d44f
609,-0.605534,https://inpsmd.biocomp.unibo.it/inpsSuite/default/display_results.html?jobid=0f6fa183-f0a7-4185-b15a-407102e7a2ad
610,0.27283835,https://inpsmd.biocomp.unibo.it/inpsSuite/default/display_results.html?jobid=b8878e19-287c-4956-a76f-176f1f2f4321
611,-0.2626845,https://inpsmd.biocomp.unibo.it/inpsSuite/default/display_results.html?jobid=f5b4ec46-bcd6-43cf-921e-dda02d802bb2
612,-0.241941,https://inpsmd.biocomp.unibo.it/inpsSuite/default/display_results.html?jobid=c273a386-6fc3-4337-832d-02d48fff0d0c
613,-0.012381705,https://inpsmd.biocomp.unibo.it/inpsSuite/default/display_results.html?jobid=42956954-26bf-49fb-8199-b11338091515
614,-0.1581745,https://inpsmd.biocomp.unibo.it/inpsSuite/default/display_results.html?jobid=c203ae1d-ffce-4b1b-9aeb-62a3ee90ef19
615,-1.470422,https://inpsmd.biocomp.unibo.it/inpsSuite/default/display_results.html?jobid=0cf21564-51ef-4782-8e98-7c8c11af6b5f
616,0.192757,https://inpsmd.biocomp.unibo.it/inpsSuite/default/display_results.html?jobid=93238bd2-c921-4583-826a-904d48265987
617,-0.1378995,https://inpsmd.biocomp.unibo.it/inpsSuite/default/display_results.html?jobid=cdd392e5-8a85-4da1-8c62-6ef27e95db0c
618,-0.148352,https://inpsmd.biocomp.unibo.it/inpsSuite/default/display_results.html?jobid=8e09b921-151a-4710-8082-4fdfaec50e6a
619,-0.07989295,https://inpsmd.biocomp.unibo.it/inpsSuite/default/display_results.html?jobid=0cd222f4-c04b-438e-832b-4fbba8c416a9
620,-0.7053555,https://inpsmd.biocomp.unibo.it/inpsSuite/default/display_results.html?jobid=5f234e6a-63f1-4b9f-9cc8-8c08c59a034e
621,-0.827105,https://inpsmd.biocomp.unibo.it/inpsSuite/default/display_results.html?jobid=69a17916-66df-40bc-8c6b-8ad56942e786
622,-0.888354,https://inpsmd.biocomp.unibo.it/inpsSuite/default/display_results.html?jobid=390aaf8d-adef-4e3d-87f9-3c0093a65ae3
623,-0.3890915,https://inpsmd.biocomp.unibo.it/inpsSuite/default/display_results.html?jobid=97259bdd-7d09-4c1d-bea4-044819685171
624,-0.0484255,https://inpsmd.biocomp.unibo.it/inpsSuite/default/display_results.html?jobid=68065dc2-fb5f-4e57-9336-713421dd3437
625,-0.1557564,https://inpsmd.biocomp.unibo.it/inpsSuite/default/display_results.html?jobid=5988c256-0aa3-491d-8905-1f2c0a972555
626,0.085,https://inpsmd.biocomp.unibo.it/inpsSuite/default/display_results.html?jobid=f434f4b3-8b3c-409e-9df2-e5131b132282
627,-0.08511975,https://inpsmd.biocomp.unibo.it/inpsSuite/default/display_results.html?jobid=d3904098-d1d9-419a-84c4-0849edddb8df
628,-0.33262155,https://inpsmd.biocomp.unibo.it/inpsSuite/default/display_results.html?jobid=7a093ebe-c8e4-4e72-a2ab-6c70d5620b4e
629,-0.698829,https://inpsmd.biocomp.unibo.it/inpsSuite/default/display_results.html?jobid=2efea4ae-6999-4f8b-b8fc-232b7db8b25b
630,-0.399128,https://inpsmd.biocomp.unibo.it/inpsSuite/default/display_results.html?jobid=ef4ce0bb-912b-4e7c-9c79-00bb5afa6e1f
631,-0.1222712,https://inpsmd.biocomp.unibo.it/inpsSuite/default/display_results.html?jobid=f1ddd069-c657-471c-848c-4d1ea789ce7e
632,-1.125625,https://inpsmd.biocomp.unibo.it/inpsSuite/default/display_results.html?jobid=be4e8cc0-5afe-4efb-bb76-393708c294c7
633,-0.387746,https://inpsmd.biocomp.unibo.it/inpsSuite/default/display_results.html?jobid=86fc30d9-280f-49b3-a167-d97f515b026e
634,-0.1790435,https://inpsmd.biocomp.unibo.it/inpsSuite/default/display_results.html?jobid=81e77342-79d1-4233-9b5c-2522737fd36c
635,-0.15881535,https://inpsmd.biocomp.unibo.it/inpsSuite/default/display_results.html?jobid=f99b4932-c2fb-4cb1-a5cb-0afaf3275c2f
636,-0.4433,https://inpsmd.biocomp.unibo.it/inpsSuite/default/display_results.html?jobid=2a95d7f0-64a0-45e8-b73b-41af0351fda4
637,-0.015110645,https://inpsmd.biocomp.unibo.it/inpsSuite/default/display_results.html?jobid=daf7f817-9a41-4f53-951d-011f8a7b0bc2
638,0.1624582,https://inpsmd.biocomp.unibo.it/inpsSuite/default/display_results.html?jobid=25dbd1c6-0c8f-453f-ad9a-87dc80da85a4
639,-0.3616945,https://inpsmd.biocomp.unibo.it/inpsSuite/default/display_results.html?jobid=0be4eed9-154f-4ec6-8f3c-ffd044d921d5
640,-1.19237,https://inpsmd.biocomp.unibo.it/inpsSuite/default/display_results.html?jobid=a40caaf5-4b40-446a-a8a5-a5311b7e987d
641,-1.105,https://inpsmd.biocomp.unibo.it/inpsSuite/default/display_results.html?jobid=d4e00a63-bc76-4fd3-9bca-352895a7bc0f
642,-1.08756,https://inpsmd.biocomp.unibo.it/inpsSuite/default/display_results.html?jobid=db00627d-6cf1-4299-82e3-408175eda8ac
643,-0.843341,https://inpsmd.biocomp.unibo.it/inpsSuite/default/display_results.html?jobid=8eb8fad9-0c0b-4c9d-9b90-6e75b28780ca
644,-0.753273,https://inpsmd.biocomp.unibo.it/inpsSuite/default/display_results.html?jobid=924099e3-44a8-4ac3-8572-698109b25b66
645,-0.16776825,https://inpsmd.biocomp.unibo.it/inpsSuite/default/display_results.html?jobid=98bf16b1-63d0-4c35-829a-9cd4f09943aa
646,-0.1039562,https://inpsmd.biocomp.unibo.it/inpsSuite/default/display_results.html?jobid=2d67e345-e24d-4ed4-a3ba-bd99ba5f512e
647,-0.392646,https://inpsmd.biocomp.unibo.it/inpsSuite/default/display_results.html?jobid=7fc74bd3-2f56-4cbd-8812-03de5419c07b
648,-0.257124,https://inpsmd.biocomp.unibo.it/inpsSuite/default/display_results.html?jobid=53f6bb79-6a7c-4f1f-82fd-f90c282be872
649,-0.444426,https://inpsmd.biocomp.unibo.it/inpsSuite/default/display_results.html?jobid=aff061d7-866e-497a-9e77-fc1163241d93
650,-1.733205,https://inpsmd.biocomp.unibo.it/inpsSuite/default/display_results.html?jobid=7eb8e4f7-78bf-4de4-969a-c039f91e0aee
651,-1.3733925,https://inpsmd.biocomp.unibo.it/inpsSuite/default/display_results.html?jobid=7657c457-b53b-48d1-b93d-be97c57c1d3d
652,-0.1101083,https://inpsmd.biocomp.unibo.it/inpsSuite/default/display_results.html?jobid=da14623e-2d6e-4731-bd52-dcf0f1bfa190
653,0.002724,https://inpsmd.biocomp.unibo.it/inpsSuite/default/display_results.html?jobid=dc13d95a-081e-4c72-9f9d-e44b97b6a4b2
654,-0.8714565,https://inpsmd.biocomp.unibo.it/inpsSuite/default/display_results.html?jobid=11b12656-b816-4509-bd9a-07eff8e8c42c
655,0.1652778,https://inpsmd.biocomp.unibo.it/inpsSuite/default/display_results.html?jobid=04a4c66d-1da7-4e77-a902-97e790ccbac9
656,-0.370433,https://inpsmd.biocomp.unibo.it/inpsSuite/default/display_results.html?jobid=94c47280-0287-4363-8221-f053d219b9ec
657,-0.3190515,https://inpsmd.biocomp.unibo.it/inpsSuite/default/display_results.html?jobid=33be053f-1ee2-4e5b-9215-52a03ead4e54
658,-0.2089235,https://inpsmd.biocomp.unibo.it/inpsSuite/default/display_results.html?jobid=9c134088-ab5f-4107-860e-b0aed45e48a5
659,-2.48812,https://inpsmd.biocomp.unibo.it/inpsSuite/default/display_results.html?jobid=64548ffc-a2ce-4542-bab4-8da9b80a8a56
660,-0.2912205,https://inpsmd.biocomp.unibo.it/inpsSuite/default/display_results.html?jobid=a57f068e-fe03-4b88-a44b-8c65b2bfab1c
661,-0.3741465,https://inpsmd.biocomp.unibo.it/inpsSuite/default/display_results.html?jobid=fa34a8dc-f7f3-4d16-9b77-153c27f239f0
662,-0.6311695,https://inpsmd.biocomp.unibo.it/inpsSuite/default/display_results.html?jobid=b9c768b6-ecc7-492a-af45-31ece547354b
663,-0.666136,https://inpsmd.biocomp.unibo.it/inpsSuite/default/display_results.html?jobid=1beac78d-4569-4302-b343-8e35bb05b26a
664,-0.17589115,https://inpsmd.biocomp.unibo.it/inpsSuite/default/display_results.html?jobid=b90230b4-67e2-4833-b4ca-96024c25d24c
665,-0.32888215,https://inpsmd.biocomp.unibo.it/inpsSuite/default/display_results.html?jobid=c4faa5ba-3b7e-412e-88e3-0fe57b903b62
666,-0.38443165,https://inpsmd.biocomp.unibo.it/inpsSuite/default/display_results.html?jobid=fb74c602-67b0-4f6c-9f79-966e8f320cdb
667,-0.2820445,https://inpsmd.biocomp.unibo.it/inpsSuite/default/display_results.html?jobid=1a62e232-be2f-4597-ab22-44a2b3e70a55
668,-0.567406,https://inpsmd.biocomp.unibo.it/inpsSuite/default/display_results.html?jobid=f1a20650-d62b-4630-aaac-dfdc1ac723c3
669,-0.638814,https://inpsmd.biocomp.unibo.it/inpsSuite/default/display_results.html?jobid=e804ec56-da8d-402a-b519-d14b6889a443
670,-0.503234,https://inpsmd.biocomp.unibo.it/inpsSuite/default/display_results.html?jobid=846c1da8-5bb5-4284-a37f-9fca0d66ea11
671,-1.87286,https://inpsmd.biocomp.unibo.it/inpsSuite/default/display_results.html?jobid=48f9b255-3e06-42b3-b05c-82132166a4b0
672,-1.009943,https://inpsmd.biocomp.unibo.it/inpsSuite/default/display_results.html?jobid=720185ca-f8fb-42be-8761-22935e6ee707
673,-1.94703,https://inpsmd.biocomp.unibo.it/inpsSuite/default/display_results.html?jobid=087a03a1-0190-4b17-b842-30d4c4987f58
674,-1.026216,https://inpsmd.biocomp.unibo.it/inpsSuite/default/display_results.html?jobid=95511a75-3b18-4f2e-9e6a-d229cb0c6b03
675,-1.068356,https://inpsmd.biocomp.unibo.it/inpsSuite/default/display_results.html?jobid=fb04bd09-fd58-4fc9-a2f5-71b988490e1d
676,0.453759,https://inpsmd.biocomp.unibo.it/inpsSuite/default/display_results.html?jobid=9e5a5ab8-3683-4676-8123-9d2398350aea
677,-1.378816,https://inpsmd.biocomp.unibo.it/inpsSuite/default/display_results.html?jobid=dd91447b-0b91-4899-9926-ab2231580c08
678,-0.5954485,https://inpsmd.biocomp.unibo.it/inpsSuite/default/display_results.html?jobid=485cc835-1550-4a55-a639-220e90c6f10a
679,-0.834201,https://inpsmd.biocomp.unibo.it/inpsSuite/default/display_results.html?jobid=fb1ba2a0-f540-4d47-83b9-3da3872803a9
680,-0.683929,https://inpsmd.biocomp.unibo.it/inpsSuite/default/display_results.html?jobid=338c2cc5-6898-49be-ac7f-dc940a45a497
681,-0.4410185,https://inpsmd.biocomp.unibo.it/inpsSuite/default/display_results.html?jobid=4251c385-5e7c-441d-bad4-08117d8b38ca
682,-0.8872655,https://inpsmd.biocomp.unibo.it/inpsSuite/default/display_results.html?jobid=5c1a2b4e-4478-4715-9ad8-885ef477fab4
683,-0.8902375,https://inpsmd.biocomp.unibo.it/inpsSuite/default/display_results.html?jobid=28bb658d-9329-4cfb-8318-2a796d577b3b
684,0.4876925,https://inpsmd.biocomp.unibo.it/inpsSuite/default/display_results.html?jobid=5d80678c-a6d5-4593-8a5e-5d6d19a9a7dc
685,-1.14496,https://inpsmd.biocomp.unibo.it/inpsSuite/default/display_results.html?jobid=ca2d1472-0095-48d3-9ab7-03715798033e
686,-2.067885,https://inpsmd.biocomp.unibo.it/inpsSuite/default/display_results.html?jobid=3cf5543c-32b3-4761-8720-cd60460be2e4
687,-1.2078045,https://inpsmd.biocomp.unibo.it/inpsSuite/default/display_results.html?jobid=b447c42a-326d-4185-9b5d-1d79f231f3e3
688,0.1455085,https://inpsmd.biocomp.unibo.it/inpsSuite/default/display_results.html?jobid=bb5cdc98-3038-4320-8224-b90a6f79d626
689,-0.5080795,https://inpsmd.biocomp.unibo.it/inpsSuite/default/display_results.html?jobid=08d86dfc-2e02-48cf-a0de-e2e98d7df25e
690,-0.989464,https://inpsmd.biocomp.unibo.it/inpsSuite/default/display_results.html?jobid=e7ed3c87-556f-4326-b136-27559552f9f3
691,-0.7458955,https://inpsmd.biocomp.unibo.it/inpsSuite/default/display_results.html?jobid=422b72c5-d6c8-41a7-bb82-6db63af93625
692,-0.615016,https://inpsmd.biocomp.unibo.it/inpsSuite/default/display_results.html?jobid=c7246671-925c-4e8c-ac85-7ffcf61592f5
693,-0.9147485,https://inpsmd.biocomp.unibo.it/inpsSuite/default/display_results.html?jobid=6e09b276-7e8d-4caa-960f-371a420e732d
694,0.600836,https://inpsmd.biocomp.unibo.it/inpsSuite/default/display_results.html?jobid=304c849e-0857-4dcd-8861-364c996cb54e
695,-2.390325,https://inpsmd.biocomp.unibo.it/inpsSuite/default/display_results.html?jobid=6500c85b-0fb7-414f-8924-366849ee4513
696,1.506175,https://inpsmd.biocomp.unibo.it/inpsSuite/default/display_results.html?jobid=14ff120c-fa1d-429f-8b81-f46b096d3d89
697,-0.15359615,https://inpsmd.biocomp.unibo.it/inpsSuite/default/display_results.html?jobid=32b60534-1d36-44f8-b5d1-1eeeded17dbe
698,-1.826685,https://inpsmd.biocomp.unibo.it/inpsSuite/default/display_results.html?jobid=71378712-c8f5-4b1d-b399-1c0e4f6d64e9
699,-2.190405,https://inpsmd.biocomp.unibo.it/inpsSuite/default/display_results.html?jobid=c9efadc0-0918-4ddc-85a3-248d96e04588
700,-0.5689525,https://inpsmd.biocomp.unibo.it/inpsSuite/default/display_results.html?jobid=0d41a60c-bc28-420b-bd69-b500b292cc2f
701,-1.0370645,https://inpsmd.biocomp.unibo.it/inpsSuite/default/display_results.html?jobid=5b2695cc-e0f6-43e4-9bee-ad754e3d5441
702,-0.2627275,https://inpsmd.biocomp.unibo.it/inpsSuite/default/display_results.html?jobid=e5ff23c5-6a66-490d-9e77-08c7b26eac1d
703,-1.152389,https://inpsmd.biocomp.unibo.it/inpsSuite/default/display_results.html?jobid=b2f7175f-5820-4b5b-b570-1c6e4742418f
704,-0.1195415,https://inpsmd.biocomp.unibo.it/inpsSuite/default/display_results.html?jobid=a26efc4f-3d42-4ccb-bd4a-59fe1669e315
705,0.3420775,https://inpsmd.biocomp.unibo.it/inpsSuite/default/display_results.html?jobid=0b19f499-5794-4a4c-8a0a-a3f19b0ec21b
706,-0.22239865,https://inpsmd.biocomp.unibo.it/inpsSuite/default/display_results.html?jobid=908e7c58-2f73-4efc-85fa-a2b0169c6ae8
707,-0.9148115,https://inpsmd.biocomp.unibo.it/inpsSuite/default/display_results.html?jobid=50f67ceb-fcf0-4577-9afb-796d5d33d2a0
708,-0.528066,https://inpsmd.biocomp.unibo.it/inpsSuite/default/display_results.html?jobid=b3be2b3c-f566-4e61-b398-2fed3f2b6e2c
709,-1.977565,https://inpsmd.biocomp.unibo.it/inpsSuite/default/display_results.html?jobid=b3152e4a-dd2f-4305-bdc4-cee1be7333b0
710,-0.59534,https://inpsmd.biocomp.unibo.it/inpsSuite/default/display_results.html?jobid=8f31c1fc-cd1c-49e0-89e8-3b85751c385d
711,-1.225355,https://inpsmd.biocomp.unibo.it/inpsSuite/default/display_results.html?jobid=dac1e167-28bf-4a98-8280-8c5414895e43
712,-0.3569125,https://inpsmd.biocomp.unibo.it/inpsSuite/default/display_results.html?jobid=19aa6d2b-4b88-4f41-b3ca-c41069677d23
713,-0.7852945,https://inpsmd.biocomp.unibo.it/inpsSuite/default/display_results.html?jobid=95638753-8300-4a09-9783-95ff75447308
714,-0.37873,https://inpsmd.biocomp.unibo.it/inpsSuite/default/display_results.html?jobid=acee95c5-4ab8-4b2d-99bc-70a6f719766f
715,-1.41606,https://inpsmd.biocomp.unibo.it/inpsSuite/default/display_results.html?jobid=fc530b97-7f0a-4265-b396-99d57be246f1
716,-0.3975565,https://inpsmd.biocomp.unibo.it/inpsSuite/default/display_results.html?jobid=c83937c3-9be0-4fc1-8e3d-3e41301bb9e9
717,-0.384771,https://inpsmd.biocomp.unibo.it/inpsSuite/default/display_results.html?jobid=38fc54f7-9a68-4f88-8f5d-eab0e8843a0d
718,0.2101881,https://inpsmd.biocomp.unibo.it/inpsSuite/default/display_results.html?jobid=c0d99646-4258-4c51-b1ff-1cbf743546e3
719,-0.990126,https://inpsmd.biocomp.unibo.it/inpsSuite/default/display_results.html?jobid=42273ff6-e8fe-4b96-ac41-fda2bf76c80e
720,-2.31963,https://inpsmd.biocomp.unibo.it/inpsSuite/default/display_results.html?jobid=8603f59e-f132-41c1-b497-f86cba7a3ff3
721,-0.545016,https://inpsmd.biocomp.unibo.it/inpsSuite/default/display_results.html?jobid=a77dedea-938a-424f-a1a7-7bd05e328c62
722,-0.5443565,https://inpsmd.biocomp.unibo.it/inpsSuite/default/display_results.html?jobid=468d4a9c-d98f-4af0-9be2-aee1a3b81f96
723,-0.714132,https://inpsmd.biocomp.unibo.it/inpsSuite/default/display_results.html?jobid=d41158c8-447a-45c1-a6c2-9a73ffee53a2
724,-0.1605455,https://inpsmd.biocomp.unibo.it/inpsSuite/default/display_results.html?jobid=f8f4d7e1-043c-463e-9863-1bd9725c0374
725,-0.951965,https://inpsmd.biocomp.unibo.it/inpsSuite/default/display_results.html?jobid=df468add-a07e-48cd-bf90-82aa777f4d85
726,-0.9688335,https://inpsmd.biocomp.unibo.it/inpsSuite/default/display_results.html?jobid=de7169c7-19bf-4aa9-b414-bf85cb9db8af
727,-2.067645,https://inpsmd.biocomp.unibo.it/inpsSuite/default/display_results.html?jobid=be7d2b45-2d01-4d41-ac99-41069d4b50dd
728,-1.73533,https://inpsmd.biocomp.unibo.it/inpsSuite/default/display_results.html?jobid=446a52da-76f7-45ba-b1ab-f6e54db3fe63
729,-0.176237,https://inpsmd.biocomp.unibo.it/inpsSuite/default/display_results.html?jobid=9ae65480-15cd-4844-a738-dd98485be984
730,-0.23824845,https://inpsmd.biocomp.unibo.it/inpsSuite/default/display_results.html?jobid=7b747148-b8a3-4a44-ad84-cb56a5fdc50c
731,-0.780718,https://inpsmd.biocomp.unibo.it/inpsSuite/default/display_results.html?jobid=3f161442-b502-4ad0-8a7c-25f7d1d46fc9
732,-0.703932,https://inpsmd.biocomp.unibo.it/inpsSuite/default/display_results.html?jobid=5bc57e6d-56cb-4f9f-9a61-bf1e32e20b2f
733,-1.34288,https://inpsmd.biocomp.unibo.it/inpsSuite/default/display_results.html?jobid=e033bd1f-7903-4f44-8e83-f138fe2949ff
734,-0.3819495,https://inpsmd.biocomp.unibo.it/inpsSuite/default/display_results.html?jobid=44b31704-f3a6-462e-8f32-9eab1b9fc751
735,-0.7898925,https://inpsmd.biocomp.unibo.it/inpsSuite/default/display_results.html?jobid=4304fb74-c28d-4e18-99b5-84d1b0e96d53
736,-0.0161675,https://inpsmd.biocomp.unibo.it/inpsSuite/default/display_results.html?jobid=e66dd2fa-3177-42ea-a8ac-1e0b473a7908
737,-0.407266,https://inpsmd.biocomp.unibo.it/inpsSuite/default/display_results.html?jobid=befe88c6-e28a-403c-abe2-31439ca02112
738,-1.149573,https://inpsmd.biocomp.unibo.it/inpsSuite/default/display_results.html?jobid=2e900fba-0aa0-471b-a34b-5c46d081e8d9
739,-1.514257,https://inpsmd.biocomp.unibo.it/inpsSuite/default/display_results.html?jobid=d74d7124-ced2-4e42-bc00-713874e508b6
740,-2.627345,https://inpsmd.biocomp.unibo.it/inpsSuite/default/display_results.html?jobid=6e7b8ed7-b686-450a-96f9-cffbc336d97c
741,-1.080275,https://inpsmd.biocomp.unibo.it/inpsSuite/default/display_results.html?jobid=53030212-7443-4a70-82f6-b8b7a8dcd2ec
742,-1.153575,https://inpsmd.biocomp.unibo.it/inpsSuite/default/display_results.html?jobid=feb9059f-5b0c-4791-9e88-6ceddccc48ac
743,-0.7945815,https://inpsmd.biocomp.unibo.it/inpsSuite/default/display_results.html?jobid=0ca20d8d-0c77-4a17-a374-304b6435832a
744,-2.59237,https://inpsmd.biocomp.unibo.it/inpsSuite/default/display_results.html?jobid=f2d2ea13-7873-47e8-a174-64a5c847142d
745,-1.80295,https://inpsmd.biocomp.unibo.it/inpsSuite/default/display_results.html?jobid=6fea2e9b-a328-4082-9328-ce1da7ee1268
746,0.102497,https://inpsmd.biocomp.unibo.it/inpsSuite/default/display_results.html?jobid=fca0ac10-2f9e-43e9-bd2d-f7f91cd1b6e0
747,-0.5627755,https://inpsmd.biocomp.unibo.it/inpsSuite/default/display_results.html?jobid=feb8e0a4-cbc0-40ce-a980-0e0f90b77d4d
748,-0.484887,https://inpsmd.biocomp.unibo.it/inpsSuite/default/display_results.html?jobid=3782cef2-6172-41c0-bb1c-b59265322822
749,-0.639811,https://inpsmd.biocomp.unibo.it/inpsSuite/default/display_results.html?jobid=9826c252-68d4-4278-af7e-ee4f3fe868c9
750,-0.5536685,https://inpsmd.biocomp.unibo.it/inpsSuite/default/display_results.html?jobid=2fae74ce-5e5c-43f0-a436-cf17b6292ad8
751,-0.6373055,https://inpsmd.biocomp.unibo.it/inpsSuite/default/display_results.html?jobid=6f2ccae6-e325-430c-873e-d3e1939a3bf7
752,-1.26434,https://inpsmd.biocomp.unibo.it/inpsSuite/default/display_results.html?jobid=0081db20-f9fd-4833-aa26-5a2fe823c27f
753,-0.88367655,https://inpsmd.biocomp.unibo.it/inpsSuite/default/display_results.html?jobid=155c068d-49da-42b1-b973-4a5126f29d95
754,-1.1292185,https://inpsmd.biocomp.unibo.it/inpsSuite/default/display_results.html?jobid=64ff3b3a-3e03-4826-a2bf-a970cfe0a9b5
755,-0.859637,https://inpsmd.biocomp.unibo.it/inpsSuite/default/display_results.html?jobid=62fdd701-b002-47d3-8077-de607e1d56de
